date,league_id,league_name,competition,home_team,away_team,home_score,away_score,source_dataset,source_class,provider,provider_event_id
2019-02-15,265,Primera División Chile,Primera División Chile,Coquimbo Unido,Universidad Católica,1,2,espn_runtime_history,RESULTS_ONLY_ESPN,ESPN,535491
2019-02-15,265,Primera División Chile,Primera División Chile,Unión La Calera,Palestino,2,0,espn_runtime_history,RESULTS_ONLY_ESPN,ESPN,535486
2019-02-16,265,Primera División Chile,Primera División Chile,Deportes Iquique,Curicó Unido,0,0,espn_runtime_history,RESULTS_ONLY_ESPN,ESPN,535488
2019-02-16,265,Primera División Chile,Primera División Chile,Universidad de Chile,Cobresal,1,1,espn_runtime_history,RESULTS_ONLY_ESPN,ESPN,535489
2019-02-17,265,Primera División Chile,Primera División Chile,Huachipato,O'Higgins,2,1,espn_runtime_history,RESULTS_ONLY_ESPN,ESPN,535490
2019-02-17,265,Primera División Chile,Primera División Chile,Universidad de Concepción,Everton CD,0,0,espn_runtime_history,RESULTS_ONLY_ESPN,ESPN,535492
2019-02-17,265,Primera División Chile,Primera División Chile,Unión Española,Colo Colo,1,3,espn_runtime_history,RESULTS_ONLY_ESPN,ESPN,535485
2019-02-18,265,Primera División Chile,Primera División Chile,Audax Italiano,Antofagasta,0,3,espn_runtime_history,RESULTS_ONLY_ESPN,ESPN,535487
2019-02-22,265,Primera División Chile,Primera División Chile,Antofagasta,Unión Española,1,2,espn_runtime_history,RESULTS_ONLY_ESPN,ESPN,535478
2019-02-22,265,Primera División Chile,Primera División Chile,Colo Colo,Universidad de Concepción,1,0,espn_runtime_history,RESULTS_ONLY_ESPN,ESPN,535480
2019-02-23,265,Primera División Chile,Primera División Chile,Curicó Unido,Coquimbo Unido,0,0,espn_runtime_history,RESULTS_ONLY_ESPN,ESPN,535482
2019-02-23,265,Primera División Chile,Primera División Chile,Everton CD,Unión La Calera,1,2,espn_runtime_history,RESULTS_ONLY_ESPN,ESPN,535481
2019-02-23,265,Primera División Chile,Primera División Chile,O'Higgins,Universidad de Chile,1,0,espn_runtime_history,RESULTS_ONLY_ESPN,ESPN,535477
2019-02-24,265,Primera División Chile,Primera División Chile,Cobresal,Audax Italiano,1,2,espn_runtime_history,RESULTS_ONLY_ESPN,ESPN,535479
2019-02-24,265,Primera División Chile,Primera División Chile,Palestino,Huachipato,3,1,espn_runtime_history,RESULTS_ONLY_ESPN,ESPN,535483
2019-02-24,265,Primera División Chile,Primera División Chile,Universidad Católica,Deportes Iquique,0,1,espn_runtime_history,RESULTS_ONLY_ESPN,ESPN,535484
2019-03-02,265,Primera División Chile,Primera División Chile,Audax Italiano,Universidad Católica,0,2,espn_runtime_history,RESULTS_ONLY_ESPN,ESPN,535473
2019-03-02,265,Primera División Chile,Primera División Chile,Deportes Iquique,O'Higgins,1,3,espn_runtime_history,RESULTS_ONLY_ESPN,ESPN,535471
2019-03-02,265,Primera División Chile,Primera División Chile,Universidad de Chile,Huachipato,3,0,espn_runtime_history,RESULTS_ONLY_ESPN,ESPN,535469
2019-03-02,265,Primera División Chile,Primera División Chile,Unión Española,Palestino,1,0,espn_runtime_history,RESULTS_ONLY_ESPN,ESPN,535476
2019-03-03,265,Primera División Chile,Primera División Chile,Coquimbo Unido,Everton CD,4,0,espn_runtime_history,RESULTS_ONLY_ESPN,ESPN,535474
2019-03-03,265,Primera División Chile,Primera División Chile,Curicó Unido,Colo Colo,3,4,espn_runtime_history,RESULTS_ONLY_ESPN,ESPN,535475
2019-03-04,265,Primera División Chile,Primera División Chile,Unión La Calera,Cobresal,2,1,espn_runtime_history,RESULTS_ONLY_ESPN,ESPN,535472
2019-03-08,265,Primera División Chile,Primera División Chile,O'Higgins,Coquimbo Unido,2,0,espn_runtime_history,RESULTS_ONLY_ESPN,ESPN,535462
2019-03-09,265,Primera División Chile,Primera División Chile,Huachipato,Audax Italiano,2,0,espn_runtime_history,RESULTS_ONLY_ESPN,ESPN,535565
2019-03-09,265,Primera División Chile,Primera División Chile,Palestino,Universidad de Concepción,4,1,espn_runtime_history,RESULTS_ONLY_ESPN,ESPN,535461
2019-03-09,265,Primera División Chile,Primera División Chile,Universidad Católica,Unión La Calera,1,0,espn_runtime_history,RESULTS_ONLY_ESPN,ESPN,535465
2019-03-10,265,Primera División Chile,Primera División Chile,Antofagasta,Curicó Unido,1,1,espn_runtime_history,RESULTS_ONLY_ESPN,ESPN,535468
2019-03-10,265,Primera División Chile,Primera División Chile,Cobresal,Colo Colo,0,0,espn_runtime_history,RESULTS_ONLY_ESPN,ESPN,535467
2019-03-10,265,Primera División Chile,Primera División Chile,Everton CD,Deportes Iquique,2,0,espn_runtime_history,RESULTS_ONLY_ESPN,ESPN,535466
2019-03-10,265,Primera División Chile,Primera División Chile,Universidad de Chile,Unión Española,1,2,espn_runtime_history,RESULTS_ONLY_ESPN,ESPN,535463
2019-03-15,265,Primera División Chile,Primera División Chile,Curicó Unido,Cobresal,3,1,espn_runtime_history,RESULTS_ONLY_ESPN,ESPN,535453
2019-03-15,265,Primera División Chile,Primera División Chile,Unión Española,Huachipato,2,1,espn_runtime_history,RESULTS_ONLY_ESPN,ESPN,535456
2019-03-16,265,Primera División Chile,Primera División Chile,Audax Italiano,O'Higgins,2,2,espn_runtime_history,RESULTS_ONLY_ESPN,ESPN,535455
2019-03-16,265,Primera División Chile,Primera División Chile,Universidad de Concepción,Universidad de Chile,2,1,espn_runtime_history,RESULTS_ONLY_ESPN,ESPN,535460
2019-03-17,265,Primera División Chile,Primera División Chile,Colo Colo,Universidad Católica,2,3,espn_runtime_history,RESULTS_ONLY_ESPN,ESPN,535459
2019-03-17,265,Primera División Chile,Primera División Chile,Coquimbo Unido,Unión La Calera,1,1,espn_runtime_history,RESULTS_ONLY_ESPN,ESPN,535454
2019-03-17,265,Primera División Chile,Primera División Chile,Deportes Iquique,Palestino,3,3,espn_runtime_history,RESULTS_ONLY_ESPN,ESPN,535457
2019-03-17,265,Primera División Chile,Primera División Chile,Everton CD,Antofagasta,1,0,espn_runtime_history,RESULTS_ONLY_ESPN,ESPN,535458
2019-03-25,265,Primera División Chile,Primera División Chile,Universidad de Concepción,Antofagasta,1,1,espn_runtime_history,RESULTS_ONLY_ESPN,ESPN,535470
2019-03-27,265,Primera División Chile,Primera División Chile,Palestino,Audax Italiano,1,2,espn_runtime_history,RESULTS_ONLY_ESPN,ESPN,535446
2019-03-29,265,Primera División Chile,Primera División Chile,Unión La Calera,Universidad de Concepción,3,1,espn_runtime_history,RESULTS_ONLY_ESPN,ESPN,535450
2019-03-30,265,Primera División Chile,Primera División Chile,Colo Colo,Deportes Iquique,2,0,espn_runtime_history,RESULTS_ONLY_ESPN,ESPN,535452
2019-03-30,265,Primera División Chile,Primera División Chile,O'Higgins,Unión Española,0,2,espn_runtime_history,RESULTS_ONLY_ESPN,ESPN,535447
2019-03-31,265,Primera División Chile,Primera División Chile,Antofagasta,Universidad de Chile,3,1,espn_runtime_history,RESULTS_ONLY_ESPN,ESPN,535451
2019-03-31,265,Primera División Chile,Primera División Chile,Huachipato,Coquimbo Unido,0,0,espn_runtime_history,RESULTS_ONLY_ESPN,ESPN,535558
2019-03-31,265,Primera División Chile,Primera División Chile,Universidad Católica,Curicó Unido,0,0,espn_runtime_history,RESULTS_ONLY_ESPN,ESPN,535445
2019-04-05,265,Primera División Chile,Primera División Chile,Huachipato,Cobresal,3,1,espn_runtime_history,RESULTS_ONLY_ESPN,ESPN,535444
2019-04-05,265,Primera División Chile,Primera División Chile,Palestino,O'Higgins,1,1,espn_runtime_history,RESULTS_ONLY_ESPN,ESPN,535440
2019-04-06,265,Primera División Chile,Primera División Chile,Coquimbo Unido,Colo Colo,2,0,espn_runtime_history,RESULTS_ONLY_ESPN,ESPN,535438
2019-04-06,265,Primera División Chile,Primera División Chile,Universidad de Concepción,Audax Italiano,1,0,espn_runtime_history,RESULTS_ONLY_ESPN,ESPN,535443
2019-04-07,265,Primera División Chile,Primera División Chile,Deportes Iquique,Antofagasta,2,0,espn_runtime_history,RESULTS_ONLY_ESPN,ESPN,535564
2019-04-07,265,Primera División Chile,Primera División Chile,Everton CD,Universidad Católica,1,2,espn_runtime_history,RESULTS_ONLY_ESPN,ESPN,535439
2019-04-07,265,Primera División Chile,Primera División Chile,Universidad de Chile,Unión La Calera,1,1,espn_runtime_history,RESULTS_ONLY_ESPN,ESPN,535437
2019-04-08,265,Primera División Chile,Primera División Chile,Unión Española,Curicó Unido,2,1,espn_runtime_history,RESULTS_ONLY_ESPN,ESPN,535442
2019-04-13,265,Primera División Chile,Primera División Chile,Audax Italiano,Coquimbo Unido,2,0,espn_runtime_history,RESULTS_ONLY_ESPN,ESPN,535431
2019-04-13,265,Primera División Chile,Primera División Chile,Colo Colo,O'Higgins,3,2,espn_runtime_history,RESULTS_ONLY_ESPN,ESPN,535434
2019-04-13,265,Primera División Chile,Primera División Chile,Curicó Unido,Everton CD,2,2,espn_runtime_history,RESULTS_ONLY_ESPN,ESPN,535429
2019-04-13,265,Primera División Chile,Primera División Chile,Deportes Iquique,Unión Española,3,2,espn_runtime_history,RESULTS_ONLY_ESPN,ESPN,535435
2019-04-14,265,Primera División Chile,Primera División Chile,Antofagasta,Palestino,0,1,espn_runtime_history,RESULTS_ONLY_ESPN,ESPN,535436
2019-04-14,265,Primera División Chile,Primera División Chile,Universidad Católica,Universidad de Chile,4,0,espn_runtime_history,RESULTS_ONLY_ESPN,ESPN,535433
2019-04-14,265,Primera División Chile,Primera División Chile,Unión La Calera,Huachipato,2,1,espn_runtime_history,RESULTS_ONLY_ESPN,ESPN,535432
2019-04-15,265,Primera División Chile,Primera División Chile,Cobresal,Universidad de Concepción,1,0,espn_runtime_history,RESULTS_ONLY_ESPN,ESPN,535563
2019-04-19,265,Primera División Chile,Primera División Chile,O'Higgins,Cobresal,2,0,espn_runtime_history,RESULTS_ONLY_ESPN,ESPN,535421
2019-04-19,265,Primera División Chile,Primera División Chile,Universidad de Concepción,Deportes Iquique,1,0,espn_runtime_history,RESULTS_ONLY_ESPN,ESPN,535423
2019-04-20,265,Primera División Chile,Primera División Chile,Huachipato,Colo Colo,1,1,espn_runtime_history,RESULTS_ONLY_ESPN,ESPN,535426
2019-04-20,265,Primera División Chile,Primera División Chile,Palestino,Universidad Católica,1,2,espn_runtime_history,RESULTS_ONLY_ESPN,ESPN,535562
2019-04-21,265,Primera División Chile,Primera División Chile,Antofagasta,Coquimbo Unido,0,1,espn_runtime_history,RESULTS_ONLY_ESPN,ESPN,535422
2019-04-21,265,Primera División Chile,Primera División Chile,Audax Italiano,Unión La Calera,1,1,espn_runtime_history,RESULTS_ONLY_ESPN,ESPN,535424
2019-04-21,265,Primera División Chile,Primera División Chile,Universidad de Chile,Curicó Unido,3,3,espn_runtime_history,RESULTS_ONLY_ESPN,ESPN,535427
2019-04-22,265,Primera División Chile,Primera División Chile,Unión Española,Everton CD,0,4,espn_runtime_history,RESULTS_ONLY_ESPN,ESPN,535425
2019-04-27,265,Primera División Chile,Primera División Chile,Colo Colo,Antofagasta,1,0,espn_runtime_history,RESULTS_ONLY_ESPN,ESPN,535414
2019-04-27,265,Primera División Chile,Primera División Chile,Curicó Unido,Huachipato,4,2,espn_runtime_history,RESULTS_ONLY_ESPN,ESPN,535415
2019-04-27,265,Primera División Chile,Primera División Chile,Deportes Iquique,Cobresal,0,1,espn_runtime_history,RESULTS_ONLY_ESPN,ESPN,535413
2019-04-27,265,Primera División Chile,Primera División Chile,Everton CD,Universidad de Chile,1,1,espn_runtime_history,RESULTS_ONLY_ESPN,ESPN,535561
2019-04-28,265,Primera División Chile,Primera División Chile,Universidad Católica,Universidad de Concepción,3,1,espn_runtime_history,RESULTS_ONLY_ESPN,ESPN,535420
2019-04-28,265,Primera División Chile,Primera División Chile,Unión Española,Audax Italiano,0,2,espn_runtime_history,RESULTS_ONLY_ESPN,ESPN,535417
2019-04-28,265,Primera División Chile,Primera División Chile,Unión La Calera,O'Higgins,2,0,espn_runtime_history,RESULTS_ONLY_ESPN,ESPN,535418
2019-04-29,265,Primera División Chile,Primera División Chile,Coquimbo Unido,Palestino,2,2,espn_runtime_history,RESULTS_ONLY_ESPN,ESPN,535419
2019-05-03,265,Primera División Chile,Primera División Chile,Palestino,Everton CD,1,0,espn_runtime_history,RESULTS_ONLY_ESPN,ESPN,535411
2019-05-04,265,Primera División Chile,Primera División Chile,Huachipato,Deportes Iquique,1,1,espn_runtime_history,RESULTS_ONLY_ESPN,ESPN,535408
2019-05-04,265,Primera División Chile,Primera División Chile,O'Higgins,Universidad Católica,1,0,espn_runtime_history,RESULTS_ONLY_ESPN,ESPN,535407
2019-05-04,265,Primera División Chile,Primera División Chile,Universidad de Concepción,Curicó Unido,1,2,espn_runtime_history,RESULTS_ONLY_ESPN,ESPN,535409
2019-05-05,265,Primera División Chile,Primera División Chile,Audax Italiano,Universidad de Chile,3,1,espn_runtime_history,RESULTS_ONLY_ESPN,ESPN,535406
2019-05-05,265,Primera División Chile,Primera División Chile,Cobresal,Antofagasta,2,2,espn_runtime_history,RESULTS_ONLY_ESPN,ESPN,535410
2019-05-05,265,Primera División Chile,Primera División Chile,Coquimbo Unido,Unión Española,2,0,espn_runtime_history,RESULTS_ONLY_ESPN,ESPN,535412
2019-05-05,265,Primera División Chile,Primera División Chile,Unión La Calera,Colo Colo,1,1,espn_runtime_history,RESULTS_ONLY_ESPN,ESPN,535405
2019-05-11,265,Primera División Chile,Primera División Chile,Antofagasta,Huachipato,0,1,espn_runtime_history,RESULTS_ONLY_ESPN,ESPN,535398
2019-05-11,265,Primera División Chile,Primera División Chile,Colo Colo,Palestino,2,1,espn_runtime_history,RESULTS_ONLY_ESPN,ESPN,535401
2019-05-11,265,Primera División Chile,Primera División Chile,Curicó Unido,O'Higgins,2,1,espn_runtime_history,RESULTS_ONLY_ESPN,ESPN,535399
2019-05-11,265,Primera División Chile,Primera División Chile,Deportes Iquique,Unión La Calera,1,0,espn_runtime_history,RESULTS_ONLY_ESPN,ESPN,535397
2019-05-12,265,Primera División Chile,Primera División Chile,Cobresal,Universidad Católica,0,2,espn_runtime_history,RESULTS_ONLY_ESPN,ESPN,535404
2019-05-12,265,Primera División Chile,Primera División Chile,Everton CD,Audax Italiano,0,2,espn_runtime_history,RESULTS_ONLY_ESPN,ESPN,535402
2019-05-12,265,Primera División Chile,Primera División Chile,Unión Española,Universidad de Concepción,1,0,espn_runtime_history,RESULTS_ONLY_ESPN,ESPN,535403
2019-05-13,265,Primera División Chile,Primera División Chile,Universidad de Chile,Coquimbo Unido,1,1,espn_runtime_history,RESULTS_ONLY_ESPN,ESPN,535400
2019-05-17,265,Primera División Chile,Primera División Chile,Palestino,Cobresal,3,0,espn_runtime_history,RESULTS_ONLY_ESPN,ESPN,535396
2019-05-17,265,Primera División Chile,Primera División Chile,Unión La Calera,Unión Española,1,2,espn_runtime_history,RESULTS_ONLY_ESPN,ESPN,535394
2019-05-18,265,Primera División Chile,Primera División Chile,O'Higgins,Everton CD,2,1,espn_runtime_history,RESULTS_ONLY_ESPN,ESPN,535393
2019-05-18,265,Primera División Chile,Primera División Chile,Universidad Católica,Antofagasta,5,1,espn_runtime_history,RESULTS_ONLY_ESPN,ESPN,535389
2019-05-18,265,Primera División Chile,Primera División Chile,Universidad de Chile,Colo Colo,1,1,espn_runtime_history,RESULTS_ONLY_ESPN,ESPN,535391
2019-05-19,265,Primera División Chile,Primera División Chile,Audax Italiano,Curicó Unido,3,1,espn_runtime_history,RESULTS_ONLY_ESPN,ESPN,535395
2019-05-19,265,Primera División Chile,Primera División Chile,Coquimbo Unido,Deportes Iquique,1,1,espn_runtime_history,RESULTS_ONLY_ESPN,ESPN,535560
2019-05-19,265,Primera División Chile,Primera División Chile,Huachipato,Universidad de Concepción,1,0,espn_runtime_history,RESULTS_ONLY_ESPN,ESPN,535390
2019-05-24,265,Primera División Chile,Primera División Chile,Cobresal,Coquimbo Unido,4,1,espn_runtime_history,RESULTS_ONLY_ESPN,ESPN,535382
2019-05-25,265,Primera División Chile,Primera División Chile,Antofagasta,Unión La Calera,1,1,espn_runtime_history,RESULTS_ONLY_ESPN,ESPN,535384
2019-05-25,265,Primera División Chile,Primera División Chile,Colo Colo,Audax Italiano,3,0,espn_runtime_history,RESULTS_ONLY_ESPN,ESPN,535388
2019-05-25,265,Primera División Chile,Primera División Chile,Everton CD,Huachipato,0,0,espn_runtime_history,RESULTS_ONLY_ESPN,ESPN,535381
2019-05-26,265,Primera División Chile,Primera División Chile,Curicó Unido,Palestino,1,1,espn_runtime_history,RESULTS_ONLY_ESPN,ESPN,535385
2019-05-26,265,Primera División Chile,Primera División Chile,Deportes Iquique,Universidad de Chile,2,4,espn_runtime_history,RESULTS_ONLY_ESPN,ESPN,535386
2019-05-26,265,Primera División Chile,Primera División Chile,Universidad de Concepción,O'Higgins,1,1,espn_runtime_history,RESULTS_ONLY_ESPN,ESPN,535383
2019-06-12,265,Primera División Chile,Primera División Chile,Universidad Católica,Unión Española,0,0,espn_runtime_history,RESULTS_ONLY_ESPN,ESPN,535387
2019-06-13,265,Primera División Chile,Primera División Chile,Everton CD,Cobresal,2,1,espn_runtime_history,RESULTS_ONLY_ESPN,ESPN,535449
2019-07-27,265,Primera División Chile,Primera División Chile,Coquimbo Unido,Universidad de Concepción,2,2,espn_runtime_history,RESULTS_ONLY_ESPN,ESPN,535378
2019-07-27,265,Primera División Chile,Primera División Chile,Palestino,Universidad de Chile,1,1,espn_runtime_history,RESULTS_ONLY_ESPN,ESPN,535379
2019-07-27,265,Primera División Chile,Primera División Chile,Unión Española,Cobresal,1,3,espn_runtime_history,RESULTS_ONLY_ESPN,ESPN,535374
2019-07-28,265,Primera División Chile,Primera División Chile,Audax Italiano,Deportes Iquique,3,1,espn_runtime_history,RESULTS_ONLY_ESPN,ESPN,535373
2019-07-28,265,Primera División Chile,Primera División Chile,Colo Colo,Everton CD,0,0,espn_runtime_history,RESULTS_ONLY_ESPN,ESPN,535376
2019-07-28,265,Primera División Chile,Primera División Chile,Huachipato,Universidad Católica,0,1,espn_runtime_history,RESULTS_ONLY_ESPN,ESPN,535375
2019-07-28,265,Primera División Chile,Primera División Chile,O'Higgins,Antofagasta,3,6,espn_runtime_history,RESULTS_ONLY_ESPN,ESPN,535377
2019-07-29,265,Primera División Chile,Primera División Chile,Unión La Calera,Curicó Unido,2,0,espn_runtime_history,RESULTS_ONLY_ESPN,ESPN,535557
2019-08-02,265,Primera División Chile,Primera División Chile,Unión Española,Unión La Calera,1,1,espn_runtime_history,RESULTS_ONLY_ESPN,ESPN,551252
2019-08-03,265,Primera División Chile,Primera División Chile,Cobresal,O'Higgins,2,1,espn_runtime_history,RESULTS_ONLY_ESPN,ESPN,551250
2019-08-03,265,Primera División Chile,Primera División Chile,Deportes Iquique,Coquimbo Unido,0,1,espn_runtime_history,RESULTS_ONLY_ESPN,ESPN,551251
2019-08-03,265,Primera División Chile,Primera División Chile,Huachipato,Palestino,0,2,espn_runtime_history,RESULTS_ONLY_ESPN,ESPN,551249
2019-08-04,265,Primera División Chile,Primera División Chile,Antofagasta,Everton CD,1,1,espn_runtime_history,RESULTS_ONLY_ESPN,ESPN,551246
2019-08-04,265,Primera División Chile,Primera División Chile,Colo Colo,Curicó Unido,0,1,espn_runtime_history,RESULTS_ONLY_ESPN,ESPN,551245
2019-08-04,265,Primera División Chile,Primera División Chile,Universidad de Chile,Audax Italiano,1,1,espn_runtime_history,RESULTS_ONLY_ESPN,ESPN,551248
2019-08-04,265,Primera División Chile,Primera División Chile,Universidad de Concepción,Universidad Católica,0,3,espn_runtime_history,RESULTS_ONLY_ESPN,ESPN,551247
2019-08-09,265,Primera División Chile,Primera División Chile,Curicó Unido,Universidad de Concepción,4,2,espn_runtime_history,RESULTS_ONLY_ESPN,ESPN,551244
2019-08-10,265,Primera División Chile,Primera División Chile,Cobresal,Deportes Iquique,0,1,espn_runtime_history,RESULTS_ONLY_ESPN,ESPN,551242
2019-08-10,265,Primera División Chile,Primera División Chile,Everton CD,Unión Española,1,0,espn_runtime_history,RESULTS_ONLY_ESPN,ESPN,551241
2019-08-10,265,Primera División Chile,Primera División Chile,Universidad de Chile,Antofagasta,1,0,espn_runtime_history,RESULTS_ONLY_ESPN,ESPN,551238
2019-08-11,265,Primera División Chile,Primera División Chile,Audax Italiano,Huachipato,0,1,espn_runtime_history,RESULTS_ONLY_ESPN,ESPN,551240
2019-08-11,265,Primera División Chile,Primera División Chile,O'Higgins,Colo Colo,1,0,espn_runtime_history,RESULTS_ONLY_ESPN,ESPN,551239
2019-08-11,265,Primera División Chile,Primera División Chile,Palestino,Unión La Calera,1,1,espn_runtime_history,RESULTS_ONLY_ESPN,ESPN,551243
2019-08-11,265,Primera División Chile,Primera División Chile,Universidad Católica,Coquimbo Unido,1,1,espn_runtime_history,RESULTS_ONLY_ESPN,ESPN,551237
2019-08-16,265,Primera División Chile,Primera División Chile,Colo Colo,Unión Española,1,0,espn_runtime_history,RESULTS_ONLY_ESPN,ESPN,551236
2019-08-17,265,Primera División Chile,Primera División Chile,Coquimbo Unido,Curicó Unido,2,1,espn_runtime_history,RESULTS_ONLY_ESPN,ESPN,551234
2019-08-17,265,Primera División Chile,Primera División Chile,O'Higgins,Deportes Iquique,4,1,espn_runtime_history,RESULTS_ONLY_ESPN,ESPN,551235
2019-08-17,265,Primera División Chile,Primera División Chile,Universidad Católica,Everton CD,1,0,espn_runtime_history,RESULTS_ONLY_ESPN,ESPN,551229
2019-08-18,265,Primera División Chile,Primera División Chile,Antofagasta,Cobresal,2,0,espn_runtime_history,RESULTS_ONLY_ESPN,ESPN,551231
2019-08-18,265,Primera División Chile,Primera División Chile,Audax Italiano,Palestino,2,3,espn_runtime_history,RESULTS_ONLY_ESPN,ESPN,551230
2019-08-18,265,Primera División Chile,Primera División Chile,Universidad de Concepción,Huachipato,1,1,espn_runtime_history,RESULTS_ONLY_ESPN,ESPN,551233
2019-08-18,265,Primera División Chile,Primera División Chile,Unión La Calera,Universidad de Chile,0,0,espn_runtime_history,RESULTS_ONLY_ESPN,ESPN,551232
2019-08-23,265,Primera División Chile,Primera División Chile,Unión Española,O'Higgins,0,1,espn_runtime_history,RESULTS_ONLY_ESPN,ESPN,551228
2019-08-24,265,Primera División Chile,Primera División Chile,Cobresal,Unión La Calera,1,0,espn_runtime_history,RESULTS_ONLY_ESPN,ESPN,551227
2019-08-24,265,Primera División Chile,Primera División Chile,Everton CD,Coquimbo Unido,0,2,espn_runtime_history,RESULTS_ONLY_ESPN,ESPN,551225
2019-08-24,265,Primera División Chile,Primera División Chile,Palestino,Colo Colo,2,2,espn_runtime_history,RESULTS_ONLY_ESPN,ESPN,551226
2019-08-25,265,Primera División Chile,Primera División Chile,Curicó Unido,Audax Italiano,2,2,espn_runtime_history,RESULTS_ONLY_ESPN,ESPN,551224
2019-08-25,265,Primera División Chile,Primera División Chile,Deportes Iquique,Universidad de Concepción,2,2,espn_runtime_history,RESULTS_ONLY_ESPN,ESPN,551222
2019-08-25,265,Primera División Chile,Primera División Chile,Huachipato,Antofagasta,4,3,espn_runtime_history,RESULTS_ONLY_ESPN,ESPN,551221
2019-08-25,265,Primera División Chile,Primera División Chile,Universidad de Chile,Universidad Católica,1,1,espn_runtime_history,RESULTS_ONLY_ESPN,ESPN,551223
2019-08-30,265,Primera División Chile,Primera División Chile,Unión La Calera,Everton CD,0,0,espn_runtime_history,RESULTS_ONLY_ESPN,ESPN,551220
2019-08-31,265,Primera División Chile,Primera División Chile,Coquimbo Unido,Universidad de Chile,2,2,espn_runtime_history,RESULTS_ONLY_ESPN,ESPN,551218
2019-08-31,265,Primera División Chile,Primera División Chile,Curicó Unido,Deportes Iquique,1,2,espn_runtime_history,RESULTS_ONLY_ESPN,ESPN,551219
2019-09-01,265,Primera División Chile,Primera División Chile,Antofagasta,Universidad Católica,1,2,espn_runtime_history,RESULTS_ONLY_ESPN,ESPN,551215
2019-09-01,265,Primera División Chile,Primera División Chile,O'Higgins,Huachipato,0,3,espn_runtime_history,RESULTS_ONLY_ESPN,ESPN,551214
2019-09-01,265,Primera División Chile,Primera División Chile,Universidad de Concepción,Palestino,0,0,espn_runtime_history,RESULTS_ONLY_ESPN,ESPN,551216
2019-09-02,265,Primera División Chile,Primera División Chile,Colo Colo,Cobresal,0,2,espn_runtime_history,RESULTS_ONLY_ESPN,ESPN,551213
2019-09-13,265,Primera División Chile,Primera División Chile,Huachipato,Curicó Unido,2,0,espn_runtime_history,RESULTS_ONLY_ESPN,ESPN,551212
2019-09-14,265,Primera División Chile,Primera División Chile,Deportes Iquique,Audax Italiano,1,3,espn_runtime_history,RESULTS_ONLY_ESPN,ESPN,551210
2019-09-14,265,Primera División Chile,Primera División Chile,Palestino,Coquimbo Unido,2,0,espn_runtime_history,RESULTS_ONLY_ESPN,ESPN,551211
2019-09-14,265,Primera División Chile,Primera División Chile,Unión Española,Universidad de Chile,1,1,espn_runtime_history,RESULTS_ONLY_ESPN,ESPN,551209
2019-09-15,265,Primera División Chile,Primera División Chile,Cobresal,Everton CD,2,1,espn_runtime_history,RESULTS_ONLY_ESPN,ESPN,551207
2019-09-15,265,Primera División Chile,Primera División Chile,Universidad Católica,O'Higgins,0,0,espn_runtime_history,RESULTS_ONLY_ESPN,ESPN,551206
2019-09-15,265,Primera División Chile,Primera División Chile,Universidad de Concepción,Colo Colo,3,1,espn_runtime_history,RESULTS_ONLY_ESPN,ESPN,551208
2019-09-15,265,Primera División Chile,Primera División Chile,Unión La Calera,Antofagasta,2,3,espn_runtime_history,RESULTS_ONLY_ESPN,ESPN,551205
2019-09-27,265,Primera División Chile,Primera División Chile,Everton CD,Universidad de Concepción,1,0,espn_runtime_history,RESULTS_ONLY_ESPN,ESPN,551204
2019-09-28,265,Primera División Chile,Primera División Chile,Coquimbo Unido,Antofagasta,1,1,espn_runtime_history,RESULTS_ONLY_ESPN,ESPN,551203
2019-09-28,265,Primera División Chile,Primera División Chile,Curicó Unido,Universidad Católica,1,4,espn_runtime_history,RESULTS_ONLY_ESPN,ESPN,551199
2019-09-28,265,Primera División Chile,Primera División Chile,Universidad de Chile,Palestino,2,3,espn_runtime_history,RESULTS_ONLY_ESPN,ESPN,551202
2019-09-28,265,Primera División Chile,Primera División Chile,Unión Española,Deportes Iquique,4,0,espn_runtime_history,RESULTS_ONLY_ESPN,ESPN,551201
2019-09-29,265,Primera División Chile,Primera División Chile,Audax Italiano,Colo Colo,2,4,espn_runtime_history,RESULTS_ONLY_ESPN,ESPN,551200
2019-09-29,265,Primera División Chile,Primera División Chile,Cobresal,Huachipato,1,1,espn_runtime_history,RESULTS_ONLY_ESPN,ESPN,551198
2019-09-29,265,Primera División Chile,Primera División Chile,O'Higgins,Unión La Calera,3,1,espn_runtime_history,RESULTS_ONLY_ESPN,ESPN,551197
2019-10-04,265,Primera División Chile,Primera División Chile,Huachipato,Unión La Calera,1,2,espn_runtime_history,RESULTS_ONLY_ESPN,ESPN,551196
2019-10-05,265,Primera División Chile,Primera División Chile,Antofagasta,O'Higgins,3,1,espn_runtime_history,RESULTS_ONLY_ESPN,ESPN,551193
2019-10-05,265,Primera División Chile,Primera División Chile,Colo Colo,Universidad de Chile,3,2,espn_runtime_history,RESULTS_ONLY_ESPN,ESPN,551194
2019-10-05,265,Primera División Chile,Primera División Chile,Universidad de Concepción,Unión Española,1,1,espn_runtime_history,RESULTS_ONLY_ESPN,ESPN,551195
2019-10-06,265,Primera División Chile,Primera División Chile,Coquimbo Unido,Audax Italiano,1,0,espn_runtime_history,RESULTS_ONLY_ESPN,ESPN,551189
2019-10-06,265,Primera División Chile,Primera División Chile,Deportes Iquique,Everton CD,0,0,espn_runtime_history,RESULTS_ONLY_ESPN,ESPN,551192
2019-10-06,265,Primera División Chile,Primera División Chile,Palestino,Curicó Unido,4,2,espn_runtime_history,RESULTS_ONLY_ESPN,ESPN,551191
2019-10-06,265,Primera División Chile,Primera División Chile,Universidad Católica,Cobresal,5,0,espn_runtime_history,RESULTS_ONLY_ESPN,ESPN,551190
2019-10-13,265,Primera División Chile,Primera División Chile,O'Higgins,Universidad de Concepción,1,2,espn_runtime_history,RESULTS_ONLY_ESPN,ESPN,551188
2019-10-15,265,Primera División Chile,Primera División Chile,Antofagasta,Audax Italiano,1,0,espn_runtime_history,RESULTS_ONLY_ESPN,ESPN,551181
2019-10-15,265,Primera División Chile,Primera División Chile,Cobresal,Palestino,3,2,espn_runtime_history,RESULTS_ONLY_ESPN,ESPN,551186
2019-10-15,265,Primera División Chile,Primera División Chile,Unión Española,Coquimbo Unido,3,1,espn_runtime_history,RESULTS_ONLY_ESPN,ESPN,551182
2019-10-16,265,Primera División Chile,Primera División Chile,Unión La Calera,Universidad Católica,1,0,espn_runtime_history,RESULTS_ONLY_ESPN,ESPN,551187
2019-10-17,265,Primera División Chile,Primera División Chile,Colo Colo,Huachipato,2,2,espn_runtime_history,RESULTS_ONLY_ESPN,ESPN,551184
2019-10-17,265,Primera División Chile,Primera División Chile,Everton CD,Curicó Unido,2,1,espn_runtime_history,RESULTS_ONLY_ESPN,ESPN,551183
2019-10-18,265,Primera División Chile,Primera División Chile,Universidad de Chile,Deportes Iquique,2,1,espn_runtime_history,RESULTS_ONLY_ESPN,ESPN,551185
2019-11-22,265,Primera División Chile,Primera División Chile,Cobresal,Unión Española,3,2,espn_runtime_history,RESULTS_ONLY_ESPN,ESPN,551172
2019-11-22,265,Primera División Chile,Primera División Chile,Unión La Calera,Deportes Iquique,0,0,espn_runtime_history,RESULTS_ONLY_ESPN,ESPN,551168
2020-01-24,265,Primera División Chile,Primera División Chile,Everton CD,Universidad de Concepción,2,1,espn_runtime_history,RESULTS_ONLY_ESPN,ESPN,565509
2020-01-25,265,Primera División Chile,Primera División Chile,Antofagasta,Coquimbo Unido,2,1,espn_runtime_history,RESULTS_ONLY_ESPN,ESPN,565507
2020-01-25,265,Primera División Chile,Primera División Chile,Audax Italiano,Cobresal,4,1,espn_runtime_history,RESULTS_ONLY_ESPN,ESPN,565506
2020-01-25,265,Primera División Chile,Primera División Chile,O'Higgins,Unión La Calera,1,2,espn_runtime_history,RESULTS_ONLY_ESPN,ESPN,565508
2020-01-26,265,Primera División Chile,Primera División Chile,Huachipato,Universidad de Chile,2,1,espn_runtime_history,RESULTS_ONLY_ESPN,ESPN,565504
2020-01-26,265,Primera División Chile,Primera División Chile,Unión Española,Deportes Iquique,3,2,espn_runtime_history,RESULTS_ONLY_ESPN,ESPN,565503
2020-01-26,265,Primera División Chile,Primera División Chile,Unión Wanderers,Universidad Católica,0,3,espn_runtime_history,RESULTS_ONLY_ESPN,ESPN,565505
2020-01-28,265,Primera División Chile,Primera División Chile,Colo Colo,Palestino,3,0,espn_runtime_history,RESULTS_ONLY_ESPN,ESPN,565502
2020-01-28,265,Primera División Chile,Primera División Chile,Curicó Unido,La Serena,1,0,espn_runtime_history,RESULTS_ONLY_ESPN,ESPN,565501
2020-02-01,265,Primera División Chile,Primera División Chile,Palestino,Huachipato,1,0,espn_runtime_history,RESULTS_ONLY_ESPN,ESPN,565497
2020-02-01,265,Primera División Chile,Primera División Chile,Universidad de Chile,Curicó Unido,5,1,espn_runtime_history,RESULTS_ONLY_ESPN,ESPN,565496
2020-02-01,265,Primera División Chile,Primera División Chile,Universidad de Concepción,Unión Wanderers,0,2,espn_runtime_history,RESULTS_ONLY_ESPN,ESPN,565498
2020-02-02,265,Primera División Chile,Primera División Chile,Cobresal,Colo Colo,2,1,espn_runtime_history,RESULTS_ONLY_ESPN,ESPN,565495
2020-02-02,265,Primera División Chile,Primera División Chile,Deportes Iquique,Everton CD,2,2,espn_runtime_history,RESULTS_ONLY_ESPN,ESPN,565493
2020-02-02,265,Primera División Chile,Primera División Chile,Universidad Católica,O'Higgins,3,2,espn_runtime_history,RESULTS_ONLY_ESPN,ESPN,565494
2020-02-03,265,Primera División Chile,Primera División Chile,La Serena,Antofagasta,0,1,espn_runtime_history,RESULTS_ONLY_ESPN,ESPN,565492
2020-02-08,265,Primera División Chile,Primera División Chile,Curicó Unido,Deportes Iquique,1,0,espn_runtime_history,RESULTS_ONLY_ESPN,ESPN,565487
2020-02-08,265,Primera División Chile,Primera División Chile,Huachipato,Universidad de Concepción,1,1,espn_runtime_history,RESULTS_ONLY_ESPN,ESPN,565489
2020-02-08,265,Primera División Chile,Primera División Chile,La Serena,Cobresal,1,2,espn_runtime_history,RESULTS_ONLY_ESPN,ESPN,565490
2020-02-08,265,Primera División Chile,Primera División Chile,Universidad de Chile,Unión La Calera,3,0,espn_runtime_history,RESULTS_ONLY_ESPN,ESPN,565488
2020-02-09,265,Primera División Chile,Primera División Chile,Antofagasta,Universidad Católica,2,3,espn_runtime_history,RESULTS_ONLY_ESPN,ESPN,565486
2020-02-09,265,Primera División Chile,Primera División Chile,Audax Italiano,Colo Colo,2,1,espn_runtime_history,RESULTS_ONLY_ESPN,ESPN,565485
2020-02-09,265,Primera División Chile,Primera División Chile,Unión Española,Palestino,1,1,espn_runtime_history,RESULTS_ONLY_ESPN,ESPN,565484
2020-02-10,265,Primera División Chile,Primera División Chile,Everton CD,Coquimbo Unido,1,0,espn_runtime_history,RESULTS_ONLY_ESPN,ESPN,565483
2020-02-10,265,Primera División Chile,Primera División Chile,O'Higgins,Unión Wanderers,2,1,espn_runtime_history,RESULTS_ONLY_ESPN,ESPN,565491
2020-02-14,265,Primera División Chile,Primera División Chile,Unión La Calera,La Serena,2,1,espn_runtime_history,RESULTS_ONLY_ESPN,ESPN,565481
2020-02-15,265,Primera División Chile,Primera División Chile,Palestino,O'Higgins,0,0,espn_runtime_history,RESULTS_ONLY_ESPN,ESPN,565479
2020-02-15,265,Primera División Chile,Primera División Chile,Unión Wanderers,Universidad de Chile,1,2,espn_runtime_history,RESULTS_ONLY_ESPN,ESPN,565480
2020-02-16,265,Primera División Chile,Primera División Chile,Cobresal,Everton CD,1,1,espn_runtime_history,RESULTS_ONLY_ESPN,ESPN,565477
2020-02-16,265,Primera División Chile,Primera División Chile,Colo Colo,Universidad Católica,0,2,espn_runtime_history,RESULTS_ONLY_ESPN,ESPN,565476
2020-02-16,265,Primera División Chile,Primera División Chile,Deportes Iquique,Antofagasta,0,4,espn_runtime_history,RESULTS_ONLY_ESPN,ESPN,565478
2020-02-17,265,Primera División Chile,Primera División Chile,Universidad de Concepción,Curicó Unido,1,2,espn_runtime_history,RESULTS_ONLY_ESPN,ESPN,565475
2020-02-17,265,Primera División Chile,Primera División Chile,Unión Española,Audax Italiano,1,2,espn_runtime_history,RESULTS_ONLY_ESPN,ESPN,565474
2020-02-21,265,Primera División Chile,Primera División Chile,Antofagasta,Universidad de Concepción,1,1,espn_runtime_history,RESULTS_ONLY_ESPN,ESPN,565470
2020-02-21,265,Primera División Chile,Primera División Chile,Universidad Católica,Deportes Iquique,3,1,espn_runtime_history,RESULTS_ONLY_ESPN,ESPN,565468
2020-02-22,265,Primera División Chile,Primera División Chile,Everton CD,Unión La Calera,0,1,espn_runtime_history,RESULTS_ONLY_ESPN,ESPN,565472
2020-02-22,265,Primera División Chile,Primera División Chile,Huachipato,Cobresal,1,0,espn_runtime_history,RESULTS_ONLY_ESPN,ESPN,565465
2020-02-23,265,Primera División Chile,Primera División Chile,Audax Italiano,Palestino,0,1,espn_runtime_history,RESULTS_ONLY_ESPN,ESPN,565469
2020-02-23,265,Primera División Chile,Primera División Chile,La Serena,Unión Wanderers,3,0,espn_runtime_history,RESULTS_ONLY_ESPN,ESPN,565473
2020-02-23,265,Primera División Chile,Primera División Chile,Universidad de Chile,Coquimbo Unido,1,1,espn_runtime_history,RESULTS_ONLY_ESPN,ESPN,565467
2020-02-24,265,Primera División Chile,Primera División Chile,Curicó Unido,Colo Colo,1,0,espn_runtime_history,RESULTS_ONLY_ESPN,ESPN,565466
2020-02-24,265,Primera División Chile,Primera División Chile,O'Higgins,Unión Española,1,3,espn_runtime_history,RESULTS_ONLY_ESPN,ESPN,565471
2020-02-28,265,Primera División Chile,Primera División Chile,Unión La Calera,Universidad Católica,1,1,espn_runtime_history,RESULTS_ONLY_ESPN,ESPN,565462
2020-02-29,265,Primera División Chile,Primera División Chile,Cobresal,Deportes Iquique,1,1,espn_runtime_history,RESULTS_ONLY_ESPN,ESPN,565460
2020-02-29,265,Primera División Chile,Primera División Chile,Colo Colo,Universidad de Concepción,2,2,espn_runtime_history,RESULTS_ONLY_ESPN,ESPN,565464
2020-02-29,265,Primera División Chile,Primera División Chile,Unión Española,Everton CD,2,0,espn_runtime_history,RESULTS_ONLY_ESPN,ESPN,565458
2020-03-01,265,Primera División Chile,Primera División Chile,Coquimbo Unido,La Serena,2,1,espn_runtime_history,RESULTS_ONLY_ESPN,ESPN,565461
2020-03-01,265,Primera División Chile,Primera División Chile,O'Higgins,Universidad de Chile,2,3,espn_runtime_history,RESULTS_ONLY_ESPN,ESPN,565463
2020-03-01,265,Primera División Chile,Primera División Chile,Palestino,Antofagasta,2,2,espn_runtime_history,RESULTS_ONLY_ESPN,ESPN,565456
2020-03-02,265,Primera División Chile,Primera División Chile,Curicó Unido,Huachipato,1,0,espn_runtime_history,RESULTS_ONLY_ESPN,ESPN,565459
2020-03-03,265,Primera División Chile,Primera División Chile,Unión Wanderers,Audax Italiano,3,3,espn_runtime_history,RESULTS_ONLY_ESPN,ESPN,565457
2020-03-05,265,Primera División Chile,Primera División Chile,Universidad de Chile,Everton CD,0,0,espn_runtime_history,RESULTS_ONLY_ESPN,ESPN,565452
2020-03-05,265,Primera División Chile,Primera División Chile,Universidad de Concepción,Cobresal,2,2,espn_runtime_history,RESULTS_ONLY_ESPN,ESPN,565448
2020-03-07,265,Primera División Chile,Primera División Chile,Antofagasta,Curicó Unido,0,0,espn_runtime_history,RESULTS_ONLY_ESPN,ESPN,565451
2020-03-07,265,Primera División Chile,Primera División Chile,Deportes Iquique,O'Higgins,1,0,espn_runtime_history,RESULTS_ONLY_ESPN,ESPN,565453
2020-03-07,265,Primera División Chile,Primera División Chile,La Serena,Colo Colo,1,2,espn_runtime_history,RESULTS_ONLY_ESPN,ESPN,565449
2020-03-09,265,Primera División Chile,Primera División Chile,Unión La Calera,Coquimbo Unido,2,0,espn_runtime_history,RESULTS_ONLY_ESPN,ESPN,565450
2020-03-10,265,Primera División Chile,Primera División Chile,Huachipato,Audax Italiano,2,1,espn_runtime_history,RESULTS_ONLY_ESPN,ESPN,565447
2020-03-10,265,Primera División Chile,Primera División Chile,Unión Wanderers,Palestino,1,2,espn_runtime_history,RESULTS_ONLY_ESPN,ESPN,565454
2020-03-14,265,Primera División Chile,Primera División Chile,Cobresal,Universidad Católica,0,1,espn_runtime_history,RESULTS_ONLY_ESPN,ESPN,565442
2020-03-14,265,Primera División Chile,Primera División Chile,Everton CD,La Serena,0,0,espn_runtime_history,RESULTS_ONLY_ESPN,ESPN,565441
2020-03-15,265,Primera División Chile,Primera División Chile,Audax Italiano,Universidad de Concepción,1,1,espn_runtime_history,RESULTS_ONLY_ESPN,ESPN,565444
2020-03-15,265,Primera División Chile,Primera División Chile,Coquimbo Unido,Deportes Iquique,0,3,espn_runtime_history,RESULTS_ONLY_ESPN,ESPN,565440
2020-03-15,265,Primera División Chile,Primera División Chile,Unión Española,Huachipato,4,4,espn_runtime_history,RESULTS_ONLY_ESPN,ESPN,565439
2020-08-29,265,Primera División Chile,Primera División Chile,Colo Colo,Unión Wanderers,2,3,espn_runtime_history,RESULTS_ONLY_ESPN,ESPN,565446
2020-08-29,265,Primera División Chile,Primera División Chile,Coquimbo Unido,Huachipato,1,2,espn_runtime_history,RESULTS_ONLY_ESPN,ESPN,565482
2020-08-29,265,Primera División Chile,Primera División Chile,Universidad Católica,Unión Española,0,1,espn_runtime_history,RESULTS_ONLY_ESPN,ESPN,565455
2020-08-30,265,Primera División Chile,Primera División Chile,Curicó Unido,Unión La Calera,0,2,espn_runtime_history,RESULTS_ONLY_ESPN,ESPN,565445
2020-08-30,265,Primera División Chile,Primera División Chile,O'Higgins,Antofagasta,0,1,espn_runtime_history,RESULTS_ONLY_ESPN,ESPN,565438
2020-08-30,265,Primera División Chile,Primera División Chile,Palestino,Universidad de Chile,2,2,espn_runtime_history,RESULTS_ONLY_ESPN,ESPN,565443
2020-09-01,265,Primera División Chile,Primera División Chile,Coquimbo Unido,Audax Italiano,0,0,espn_runtime_history,RESULTS_ONLY_ESPN,ESPN,565500
2020-09-03,265,Primera División Chile,Primera División Chile,Palestino,Everton CD,1,0,espn_runtime_history,RESULTS_ONLY_ESPN,ESPN,565434
2020-09-03,265,Primera División Chile,Primera División Chile,Universidad de Concepción,Unión Española,2,3,espn_runtime_history,RESULTS_ONLY_ESPN,ESPN,565437
2020-09-04,265,Primera División Chile,Primera División Chile,La Serena,O'Higgins,1,1,espn_runtime_history,RESULTS_ONLY_ESPN,ESPN,565436
2020-09-04,265,Primera División Chile,Primera División Chile,Unión La Calera,Cobresal,2,2,espn_runtime_history,RESULTS_ONLY_ESPN,ESPN,565430
2020-09-05,265,Primera División Chile,Primera División Chile,Deportes Iquique,Huachipato,1,0,espn_runtime_history,RESULTS_ONLY_ESPN,ESPN,565435
2020-09-05,265,Primera División Chile,Primera División Chile,Universidad Católica,Coquimbo Unido,4,1,espn_runtime_history,RESULTS_ONLY_ESPN,ESPN,565432
2020-09-05,265,Primera División Chile,Primera División Chile,Unión Wanderers,Curicó Unido,2,0,espn_runtime_history,RESULTS_ONLY_ESPN,ESPN,565433
2020-09-06,265,Primera División Chile,Primera División Chile,Antofagasta,Audax Italiano,2,2,espn_runtime_history,RESULTS_ONLY_ESPN,ESPN,565429
2020-09-06,265,Primera División Chile,Primera División Chile,Universidad de Chile,Colo Colo,1,1,espn_runtime_history,RESULTS_ONLY_ESPN,ESPN,565431
2020-09-08,265,Primera División Chile,Primera División Chile,Universidad de Concepción,Unión La Calera,2,1,espn_runtime_history,RESULTS_ONLY_ESPN,ESPN,565427
2020-09-08,265,Primera División Chile,Primera División Chile,Unión Española,Unión Wanderers,2,1,espn_runtime_history,RESULTS_ONLY_ESPN,ESPN,565428
2020-09-09,265,Primera División Chile,Primera División Chile,Cobresal,Curicó Unido,4,0,espn_runtime_history,RESULTS_ONLY_ESPN,ESPN,565421
2020-09-09,265,Primera División Chile,Primera División Chile,Colo Colo,O'Higgins,0,1,espn_runtime_history,RESULTS_ONLY_ESPN,ESPN,565422
2020-09-09,265,Primera División Chile,Primera División Chile,Coquimbo Unido,Palestino,1,0,espn_runtime_history,RESULTS_ONLY_ESPN,ESPN,565423
2020-09-09,265,Primera División Chile,Primera División Chile,Huachipato,Universidad Católica,1,3,espn_runtime_history,RESULTS_ONLY_ESPN,ESPN,565425
2020-09-10,265,Primera División Chile,Primera División Chile,Audax Italiano,La Serena,2,1,espn_runtime_history,RESULTS_ONLY_ESPN,ESPN,565424
2020-09-10,265,Primera División Chile,Primera División Chile,Deportes Iquique,Universidad de Chile,0,2,espn_runtime_history,RESULTS_ONLY_ESPN,ESPN,565426
2020-09-10,265,Primera División Chile,Primera División Chile,Everton CD,Antofagasta,0,0,espn_runtime_history,RESULTS_ONLY_ESPN,ESPN,565420
2020-09-12,265,Primera División Chile,Primera División Chile,Unión La Calera,Colo Colo,0,0,espn_runtime_history,RESULTS_ONLY_ESPN,ESPN,565413
2020-09-13,265,Primera División Chile,Primera División Chile,O'Higgins,Everton CD,1,2,espn_runtime_history,RESULTS_ONLY_ESPN,ESPN,565415
2020-09-13,265,Primera División Chile,Primera División Chile,Universidad Católica,Audax Italiano,3,0,espn_runtime_history,RESULTS_ONLY_ESPN,ESPN,565411
2020-09-13,265,Primera División Chile,Primera División Chile,Unión Wanderers,Huachipato,3,2,espn_runtime_history,RESULTS_ONLY_ESPN,ESPN,565416
2020-09-14,265,Primera División Chile,Primera División Chile,Universidad de Chile,Cobresal,2,1,espn_runtime_history,RESULTS_ONLY_ESPN,ESPN,565412
2020-09-15,265,Primera División Chile,Primera División Chile,Curicó Unido,Coquimbo Unido,2,1,espn_runtime_history,RESULTS_ONLY_ESPN,ESPN,565414
2020-09-15,265,Primera División Chile,Primera División Chile,La Serena,Universidad de Concepción,0,1,espn_runtime_history,RESULTS_ONLY_ESPN,ESPN,565418
2020-09-16,265,Primera División Chile,Primera División Chile,Palestino,Deportes Iquique,2,0,espn_runtime_history,RESULTS_ONLY_ESPN,ESPN,565417
2020-09-17,265,Primera División Chile,Primera División Chile,Antofagasta,Unión Española,2,0,espn_runtime_history,RESULTS_ONLY_ESPN,ESPN,565419
2020-09-24,265,Primera División Chile,Primera División Chile,Cobresal,Palestino,2,1,espn_runtime_history,RESULTS_ONLY_ESPN,ESPN,565405
2020-09-24,265,Primera División Chile,Primera División Chile,Deportes Iquique,Unión La Calera,0,3,espn_runtime_history,RESULTS_ONLY_ESPN,ESPN,565409
2020-09-24,265,Primera División Chile,Primera División Chile,Universidad de Concepción,O'Higgins,1,4,espn_runtime_history,RESULTS_ONLY_ESPN,ESPN,565404
2020-09-25,265,Primera División Chile,Primera División Chile,Coquimbo Unido,Unión Wanderers,2,1,espn_runtime_history,RESULTS_ONLY_ESPN,ESPN,565410
2020-09-25,265,Primera División Chile,Primera División Chile,Huachipato,La Serena,1,1,espn_runtime_history,RESULTS_ONLY_ESPN,ESPN,565406
2020-09-26,265,Primera División Chile,Primera División Chile,Audax Italiano,Curicó Unido,0,0,espn_runtime_history,RESULTS_ONLY_ESPN,ESPN,565403
2020-09-26,265,Primera División Chile,Primera División Chile,Everton CD,Universidad Católica,2,2,espn_runtime_history,RESULTS_ONLY_ESPN,ESPN,565407
2020-09-27,265,Primera División Chile,Primera División Chile,Unión Española,Universidad de Chile,3,1,espn_runtime_history,RESULTS_ONLY_ESPN,ESPN,565408
2020-10-01,265,Primera División Chile,Primera División Chile,Palestino,Universidad de Concepción,0,1,espn_runtime_history,RESULTS_ONLY_ESPN,ESPN,565400
2020-10-02,265,Primera División Chile,Primera División Chile,O'Higgins,Coquimbo Unido,1,4,espn_runtime_history,RESULTS_ONLY_ESPN,ESPN,565395
2020-10-02,265,Primera División Chile,Primera División Chile,Unión Wanderers,Deportes Iquique,3,1,espn_runtime_history,RESULTS_ONLY_ESPN,ESPN,565398
2020-10-03,265,Primera División Chile,Primera División Chile,Antofagasta,Cobresal,2,1,espn_runtime_history,RESULTS_ONLY_ESPN,ESPN,565394
2020-10-03,265,Primera División Chile,Primera División Chile,Colo Colo,Huachipato,0,1,espn_runtime_history,RESULTS_ONLY_ESPN,ESPN,565397
2020-10-03,265,Primera División Chile,Primera División Chile,Curicó Unido,Everton CD,1,3,espn_runtime_history,RESULTS_ONLY_ESPN,ESPN,565396
2020-10-03,265,Primera División Chile,Primera División Chile,La Serena,Unión Española,0,2,espn_runtime_history,RESULTS_ONLY_ESPN,ESPN,565401
2020-10-04,265,Primera División Chile,Primera División Chile,Universidad Católica,Universidad de Chile,3,0,espn_runtime_history,RESULTS_ONLY_ESPN,ESPN,565399
2020-10-04,265,Primera División Chile,Primera División Chile,Unión La Calera,Audax Italiano,3,2,espn_runtime_history,RESULTS_ONLY_ESPN,ESPN,565393
2020-10-08,265,Primera División Chile,Primera División Chile,O'Higgins,Cobresal,0,2,espn_runtime_history,RESULTS_ONLY_ESPN,ESPN,565386
2020-10-09,265,Primera División Chile,Primera División Chile,Coquimbo Unido,Colo Colo,2,2,espn_runtime_history,RESULTS_ONLY_ESPN,ESPN,565387
2020-10-09,265,Primera División Chile,Primera División Chile,Unión Española,Curicó Unido,2,1,espn_runtime_history,RESULTS_ONLY_ESPN,ESPN,565388
2020-10-10,265,Primera División Chile,Primera División Chile,Deportes Iquique,Audax Italiano,2,1,espn_runtime_history,RESULTS_ONLY_ESPN,ESPN,565385
2020-10-10,265,Primera División Chile,Primera División Chile,Everton CD,Unión Wanderers,2,2,espn_runtime_history,RESULTS_ONLY_ESPN,ESPN,565392
2020-10-10,265,Primera División Chile,Primera División Chile,Huachipato,Antofagasta,0,0,espn_runtime_history,RESULTS_ONLY_ESPN,ESPN,565384
2020-10-10,265,Primera División Chile,Primera División Chile,Universidad Católica,Universidad de Concepción,1,1,espn_runtime_history,RESULTS_ONLY_ESPN,ESPN,565391
2020-10-11,265,Primera División Chile,Primera División Chile,Universidad de Chile,La Serena,3,0,espn_runtime_history,RESULTS_ONLY_ESPN,ESPN,565390
2020-10-11,265,Primera División Chile,Primera División Chile,Unión La Calera,Palestino,1,0,espn_runtime_history,RESULTS_ONLY_ESPN,ESPN,565389
2020-10-14,265,Primera División Chile,Primera División Chile,Cobresal,Coquimbo Unido,0,1,espn_runtime_history,RESULTS_ONLY_ESPN,ESPN,565375
2020-10-14,265,Primera División Chile,Primera División Chile,Colo Colo,Unión Española,3,5,espn_runtime_history,RESULTS_ONLY_ESPN,ESPN,565382
2020-10-14,265,Primera División Chile,Primera División Chile,Huachipato,Everton CD,1,0,espn_runtime_history,RESULTS_ONLY_ESPN,ESPN,565376
2020-10-14,265,Primera División Chile,Primera División Chile,La Serena,Palestino,4,2,espn_runtime_history,RESULTS_ONLY_ESPN,ESPN,565379
2020-10-15,265,Primera División Chile,Primera División Chile,Antofagasta,Universidad de Chile,1,0,espn_runtime_history,RESULTS_ONLY_ESPN,ESPN,565381
2020-10-15,265,Primera División Chile,Primera División Chile,Audax Italiano,O'Higgins,2,1,espn_runtime_history,RESULTS_ONLY_ESPN,ESPN,565378
2020-10-15,265,Primera División Chile,Primera División Chile,Universidad de Concepción,Deportes Iquique,1,1,espn_runtime_history,RESULTS_ONLY_ESPN,ESPN,565377
2020-10-15,265,Primera División Chile,Primera División Chile,Unión Wanderers,Unión La Calera,0,3,espn_runtime_history,RESULTS_ONLY_ESPN,ESPN,565383
2020-10-20,265,Primera División Chile,Primera División Chile,Deportes Iquique,La Serena,2,0,espn_runtime_history,RESULTS_ONLY_ESPN,ESPN,565372
2020-10-20,265,Primera División Chile,Primera División Chile,O'Higgins,Curicó Unido,2,2,espn_runtime_history,RESULTS_ONLY_ESPN,ESPN,565370
2020-10-20,265,Primera División Chile,Primera División Chile,Unión La Calera,Huachipato,3,0,espn_runtime_history,RESULTS_ONLY_ESPN,ESPN,565371
2020-10-21,265,Primera División Chile,Primera División Chile,Coquimbo Unido,Universidad de Concepción,0,2,espn_runtime_history,RESULTS_ONLY_ESPN,ESPN,565374
2020-10-21,265,Primera División Chile,Primera División Chile,Universidad de Chile,Audax Italiano,2,2,espn_runtime_history,RESULTS_ONLY_ESPN,ESPN,565367
2020-10-21,265,Primera División Chile,Primera División Chile,Unión Española,Cobresal,1,0,espn_runtime_history,RESULTS_ONLY_ESPN,ESPN,565368
2020-10-21,265,Primera División Chile,Primera División Chile,Unión Wanderers,Antofagasta,2,1,espn_runtime_history,RESULTS_ONLY_ESPN,ESPN,565366
2020-10-28,265,Primera División Chile,Primera División Chile,Everton CD,Colo Colo,1,1,espn_runtime_history,RESULTS_ONLY_ESPN,ESPN,565369
2020-10-29,265,Primera División Chile,Primera División Chile,Cobresal,Unión Wanderers,1,0,espn_runtime_history,RESULTS_ONLY_ESPN,ESPN,565365
2020-10-29,265,Primera División Chile,Primera División Chile,Universidad de Concepción,Universidad de Chile,1,0,espn_runtime_history,RESULTS_ONLY_ESPN,ESPN,565362
2020-10-30,265,Primera División Chile,Primera División Chile,Antofagasta,Unión La Calera,3,1,espn_runtime_history,RESULTS_ONLY_ESPN,ESPN,565364
2020-10-31,265,Primera División Chile,Primera División Chile,Audax Italiano,Everton CD,1,2,espn_runtime_history,RESULTS_ONLY_ESPN,ESPN,565357
2020-10-31,265,Primera División Chile,Primera División Chile,Colo Colo,Deportes Iquique,0,2,espn_runtime_history,RESULTS_ONLY_ESPN,ESPN,565358
2020-10-31,265,Primera División Chile,Primera División Chile,Curicó Unido,Palestino,1,0,espn_runtime_history,RESULTS_ONLY_ESPN,ESPN,565360
2020-10-31,265,Primera División Chile,Primera División Chile,Huachipato,O'Higgins,2,0,espn_runtime_history,RESULTS_ONLY_ESPN,ESPN,565359
2020-11-01,265,Primera División Chile,Primera División Chile,Coquimbo Unido,Unión Española,1,1,espn_runtime_history,RESULTS_ONLY_ESPN,ESPN,565363
2020-11-01,265,Primera División Chile,Primera División Chile,Universidad Católica,La Serena,3,0,espn_runtime_history,RESULTS_ONLY_ESPN,ESPN,565361
2020-11-08,265,Primera División Chile,Primera División Chile,Palestino,Universidad Católica,1,4,espn_runtime_history,RESULTS_ONLY_ESPN,ESPN,565373
2020-11-10,265,Primera División Chile,Primera División Chile,Colo Colo,Antofagasta,1,0,espn_runtime_history,RESULTS_ONLY_ESPN,ESPN,565402
2020-11-11,265,Primera División Chile,Primera División Chile,Curicó Unido,Universidad Católica,3,2,espn_runtime_history,RESULTS_ONLY_ESPN,ESPN,565380
2020-11-13,265,Primera División Chile,Primera División Chile,Everton CD,O'Higgins,0,1,espn_runtime_history,RESULTS_ONLY_ESPN,ESPN,587766
2020-11-14,265,Primera División Chile,Primera División Chile,Deportes Iquique,Curicó Unido,1,2,espn_runtime_history,RESULTS_ONLY_ESPN,ESPN,587764
2020-11-14,265,Primera División Chile,Primera División Chile,Palestino,Colo Colo,3,1,espn_runtime_history,RESULTS_ONLY_ESPN,ESPN,587758
2020-11-14,265,Primera División Chile,Primera División Chile,Unión Española,Unión La Calera,3,2,espn_runtime_history,RESULTS_ONLY_ESPN,ESPN,587763
2020-11-15,265,Primera División Chile,Primera División Chile,Audax Italiano,Coquimbo Unido,2,0,espn_runtime_history,RESULTS_ONLY_ESPN,ESPN,587765
2020-11-15,265,Primera División Chile,Primera División Chile,La Serena,Huachipato,1,0,espn_runtime_history,RESULTS_ONLY_ESPN,ESPN,587762
2020-11-15,265,Primera División Chile,Primera División Chile,Universidad de Chile,Unión Wanderers,3,0,espn_runtime_history,RESULTS_ONLY_ESPN,ESPN,587760
2020-11-15,265,Primera División Chile,Primera División Chile,Universidad de Concepción,Antofagasta,2,0,espn_runtime_history,RESULTS_ONLY_ESPN,ESPN,587761
2020-11-16,265,Primera División Chile,Primera División Chile,Universidad Católica,Cobresal,2,1,espn_runtime_history,RESULTS_ONLY_ESPN,ESPN,587759
2020-11-17,265,Primera División Chile,Primera División Chile,O'Higgins,Palestino,1,0,espn_runtime_history,RESULTS_ONLY_ESPN,ESPN,587772
2020-11-18,265,Primera División Chile,Primera División Chile,Cobresal,La Serena,1,2,espn_runtime_history,RESULTS_ONLY_ESPN,ESPN,587767
2020-11-18,265,Primera División Chile,Primera División Chile,Curicó Unido,Universidad de Concepción,2,2,espn_runtime_history,RESULTS_ONLY_ESPN,ESPN,587774
2020-11-18,265,Primera División Chile,Primera División Chile,Unión La Calera,Universidad de Chile,1,0,espn_runtime_history,RESULTS_ONLY_ESPN,ESPN,587770
2020-11-19,265,Primera División Chile,Primera División Chile,Antofagasta,Everton CD,1,1,espn_runtime_history,RESULTS_ONLY_ESPN,ESPN,587768
2020-11-19,265,Primera División Chile,Primera División Chile,Colo Colo,Audax Italiano,1,0,espn_runtime_history,RESULTS_ONLY_ESPN,ESPN,587769
2020-11-19,265,Primera División Chile,Primera División Chile,Coquimbo Unido,Universidad Católica,2,1,espn_runtime_history,RESULTS_ONLY_ESPN,ESPN,587775
2020-11-19,265,Primera División Chile,Primera División Chile,Huachipato,Deportes Iquique,1,1,espn_runtime_history,RESULTS_ONLY_ESPN,ESPN,587773
2020-11-20,265,Primera División Chile,Primera División Chile,Unión Wanderers,Unión Española,1,0,espn_runtime_history,RESULTS_ONLY_ESPN,ESPN,587771
2020-11-21,265,Primera División Chile,Primera División Chile,Coquimbo Unido,Unión La Calera,1,2,espn_runtime_history,RESULTS_ONLY_ESPN,ESPN,587783
2020-11-22,265,Primera División Chile,Primera División Chile,Everton CD,Universidad de Chile,1,1,espn_runtime_history,RESULTS_ONLY_ESPN,ESPN,587781
2020-11-22,265,Primera División Chile,Primera División Chile,Palestino,La Serena,1,3,espn_runtime_history,RESULTS_ONLY_ESPN,ESPN,587784
2020-11-23,265,Primera División Chile,Primera División Chile,Deportes Iquique,Cobresal,0,0,espn_runtime_history,RESULTS_ONLY_ESPN,ESPN,587782
2020-11-23,265,Primera División Chile,Primera División Chile,Universidad Católica,Antofagasta,5,3,espn_runtime_history,RESULTS_ONLY_ESPN,ESPN,587779
2020-11-23,265,Primera División Chile,Primera División Chile,Universidad de Concepción,Huachipato,0,1,espn_runtime_history,RESULTS_ONLY_ESPN,ESPN,587778
2020-11-24,265,Primera División Chile,Primera División Chile,Unión Española,O'Higgins,0,2,espn_runtime_history,RESULTS_ONLY_ESPN,ESPN,587780
2020-11-25,265,Primera División Chile,Primera División Chile,Audax Italiano,Unión Wanderers,1,1,espn_runtime_history,RESULTS_ONLY_ESPN,ESPN,587776
2020-11-25,265,Primera División Chile,Primera División Chile,Colo Colo,Curicó Unido,0,2,espn_runtime_history,RESULTS_ONLY_ESPN,ESPN,587777
2020-12-02,265,Primera División Chile,Primera División Chile,Antofagasta,Palestino,1,1,espn_runtime_history,RESULTS_ONLY_ESPN,ESPN,587792
2020-12-03,265,Primera División Chile,Primera División Chile,Curicó Unido,Audax Italiano,4,1,espn_runtime_history,RESULTS_ONLY_ESPN,ESPN,587786
2020-12-03,265,Primera División Chile,Primera División Chile,Unión Española,Universidad de Concepción,1,1,espn_runtime_history,RESULTS_ONLY_ESPN,ESPN,587788
2020-12-04,265,Primera División Chile,Primera División Chile,Cobresal,O'Higgins,1,1,espn_runtime_history,RESULTS_ONLY_ESPN,ESPN,587793
2020-12-04,265,Primera División Chile,Primera División Chile,La Serena,Deportes Iquique,1,0,espn_runtime_history,RESULTS_ONLY_ESPN,ESPN,587791
2020-12-05,265,Primera División Chile,Primera División Chile,Huachipato,Colo Colo,2,2,espn_runtime_history,RESULTS_ONLY_ESPN,ESPN,587785
2020-12-06,265,Primera División Chile,Primera División Chile,Unión La Calera,Everton CD,6,2,espn_runtime_history,RESULTS_ONLY_ESPN,ESPN,587787
2020-12-06,265,Primera División Chile,Primera División Chile,Unión Wanderers,Coquimbo Unido,1,1,espn_runtime_history,RESULTS_ONLY_ESPN,ESPN,587790
2020-12-08,265,Primera División Chile,Primera División Chile,Cobresal,Universidad de Concepción,3,1,espn_runtime_history,RESULTS_ONLY_ESPN,ESPN,587801
2020-12-08,265,Primera División Chile,Primera División Chile,Colo Colo,La Serena,0,2,espn_runtime_history,RESULTS_ONLY_ESPN,ESPN,587800
2020-12-08,265,Primera División Chile,Primera División Chile,Deportes Iquique,Unión Española,1,1,espn_runtime_history,RESULTS_ONLY_ESPN,ESPN,587802
2020-12-09,265,Primera División Chile,Primera División Chile,Audax Italiano,Universidad de Chile,1,3,espn_runtime_history,RESULTS_ONLY_ESPN,ESPN,587794
2020-12-09,265,Primera División Chile,Primera División Chile,O'Higgins,Huachipato,2,1,espn_runtime_history,RESULTS_ONLY_ESPN,ESPN,587796
2020-12-09,265,Primera División Chile,Primera División Chile,Palestino,Unión La Calera,3,1,espn_runtime_history,RESULTS_ONLY_ESPN,ESPN,587795
2020-12-11,265,Primera División Chile,Primera División Chile,Everton CD,Curicó Unido,3,1,espn_runtime_history,RESULTS_ONLY_ESPN,ESPN,587797
2020-12-12,265,Primera División Chile,Primera División Chile,Universidad de Concepción,Audax Italiano,3,1,espn_runtime_history,RESULTS_ONLY_ESPN,ESPN,587810
2020-12-12,265,Primera División Chile,Primera División Chile,Unión Española,Colo Colo,1,2,espn_runtime_history,RESULTS_ONLY_ESPN,ESPN,587809
2020-12-13,265,Primera División Chile,Primera División Chile,La Serena,Coquimbo Unido,1,0,espn_runtime_history,RESULTS_ONLY_ESPN,ESPN,587804
2020-12-13,265,Primera División Chile,Primera División Chile,Unión Wanderers,Everton CD,2,1,espn_runtime_history,RESULTS_ONLY_ESPN,ESPN,587803
2020-12-14,265,Primera División Chile,Primera División Chile,Antofagasta,Huachipato,2,1,espn_runtime_history,RESULTS_ONLY_ESPN,ESPN,587806
2020-12-14,265,Primera División Chile,Primera División Chile,Curicó Unido,Cobresal,0,1,espn_runtime_history,RESULTS_ONLY_ESPN,ESPN,587805
2020-12-16,265,Primera División Chile,Primera División Chile,Deportes Iquique,Universidad de Concepción,4,0,espn_runtime_history,RESULTS_ONLY_ESPN,ESPN,587819
2020-12-16,265,Primera División Chile,Primera División Chile,Everton CD,Unión Española,1,2,espn_runtime_history,RESULTS_ONLY_ESPN,ESPN,587818
2020-12-16,265,Primera División Chile,Primera División Chile,Palestino,Unión Wanderers,3,1,espn_runtime_history,RESULTS_ONLY_ESPN,ESPN,587814
2020-12-17,265,Primera División Chile,Primera División Chile,Audax Italiano,Antofagasta,3,0,espn_runtime_history,RESULTS_ONLY_ESPN,ESPN,587812
2020-12-17,265,Primera División Chile,Primera División Chile,Huachipato,Curicó Unido,1,0,espn_runtime_history,RESULTS_ONLY_ESPN,ESPN,587817
2020-12-17,265,Primera División Chile,Primera División Chile,La Serena,Universidad de Chile,0,0,espn_runtime_history,RESULTS_ONLY_ESPN,ESPN,587816
2020-12-19,265,Primera División Chile,Primera División Chile,Universidad Católica,Colo Colo,0,0,espn_runtime_history,RESULTS_ONLY_ESPN,ESPN,587823
2020-12-20,265,Primera División Chile,Primera División Chile,Antofagasta,Unión Wanderers,1,1,espn_runtime_history,RESULTS_ONLY_ESPN,ESPN,587821
2020-12-20,265,Primera División Chile,Primera División Chile,Palestino,Audax Italiano,1,0,espn_runtime_history,RESULTS_ONLY_ESPN,ESPN,587822
2020-12-20,265,Primera División Chile,Primera División Chile,Universidad de Chile,Huachipato,2,2,espn_runtime_history,RESULTS_ONLY_ESPN,ESPN,587824
2020-12-21,265,Primera División Chile,Primera División Chile,Coquimbo Unido,O'Higgins,0,3,espn_runtime_history,RESULTS_ONLY_ESPN,ESPN,587828
2020-12-21,265,Primera División Chile,Primera División Chile,Universidad de Concepción,La Serena,0,2,espn_runtime_history,RESULTS_ONLY_ESPN,ESPN,587829
2020-12-22,265,Primera División Chile,Primera División Chile,Everton CD,Cobresal,3,0,espn_runtime_history,RESULTS_ONLY_ESPN,ESPN,587826
2020-12-23,265,Primera División Chile,Primera División Chile,Coquimbo Unido,Antofagasta,0,1,espn_runtime_history,RESULTS_ONLY_ESPN,ESPN,587799
2020-12-23,265,Primera División Chile,Primera División Chile,Universidad de Chile,Universidad Católica,0,0,espn_runtime_history,RESULTS_ONLY_ESPN,ESPN,587789
2020-12-26,265,Primera División Chile,Primera División Chile,Unión Wanderers,O'Higgins,1,0,espn_runtime_history,RESULTS_ONLY_ESPN,ESPN,587835
2020-12-27,265,Primera División Chile,Primera División Chile,Audax Italiano,Universidad Católica,2,2,espn_runtime_history,RESULTS_ONLY_ESPN,ESPN,587838
2020-12-27,265,Primera División Chile,Primera División Chile,Huachipato,Coquimbo Unido,0,1,espn_runtime_history,RESULTS_ONLY_ESPN,ESPN,587833
2020-12-27,265,Primera División Chile,Primera División Chile,Unión Española,Antofagasta,1,1,espn_runtime_history,RESULTS_ONLY_ESPN,ESPN,587837
2020-12-28,265,Primera División Chile,Primera División Chile,Cobresal,Universidad de Chile,2,0,espn_runtime_history,RESULTS_ONLY_ESPN,ESPN,587830
2020-12-28,265,Primera División Chile,Primera División Chile,Deportes Iquique,Palestino,0,2,espn_runtime_history,RESULTS_ONLY_ESPN,ESPN,587832
2020-12-28,265,Primera División Chile,Primera División Chile,Universidad de Concepción,Everton CD,0,0,espn_runtime_history,RESULTS_ONLY_ESPN,ESPN,587836
2020-12-30,265,Primera División Chile,Primera División Chile,Universidad Católica,Unión Wanderers,1,1,espn_runtime_history,RESULTS_ONLY_ESPN,ESPN,587798
2020-12-30,265,Primera División Chile,Primera División Chile,Unión La Calera,O'Higgins,0,1,espn_runtime_history,RESULTS_ONLY_ESPN,ESPN,587808
2021-01-02,265,Primera División Chile,Primera División Chile,Everton CD,Deportes Iquique,1,0,espn_runtime_history,RESULTS_ONLY_ESPN,ESPN,587842
2021-01-02,265,Primera División Chile,Primera División Chile,O'Higgins,La Serena,1,1,espn_runtime_history,RESULTS_ONLY_ESPN,ESPN,587847
2021-01-02,265,Primera División Chile,Primera División Chile,Unión La Calera,Unión Wanderers,3,0,espn_runtime_history,RESULTS_ONLY_ESPN,ESPN,587843
2021-01-03,265,Primera División Chile,Primera División Chile,Antofagasta,Colo Colo,0,1,espn_runtime_history,RESULTS_ONLY_ESPN,ESPN,587839
2021-01-03,265,Primera División Chile,Primera División Chile,Universidad de Chile,Universidad de Concepción,2,0,espn_runtime_history,RESULTS_ONLY_ESPN,ESPN,587846
2021-01-04,265,Primera División Chile,Primera División Chile,Palestino,Curicó Unido,4,2,espn_runtime_history,RESULTS_ONLY_ESPN,ESPN,587844
2021-01-04,265,Primera División Chile,Primera División Chile,Universidad Católica,Huachipato,3,0,espn_runtime_history,RESULTS_ONLY_ESPN,ESPN,587845
2021-01-05,265,Primera División Chile,Primera División Chile,Audax Italiano,Unión Española,2,2,espn_runtime_history,RESULTS_ONLY_ESPN,ESPN,587840
2021-01-06,265,Primera División Chile,Primera División Chile,La Serena,Everton CD,1,1,espn_runtime_history,RESULTS_ONLY_ESPN,ESPN,587852
2021-01-06,265,Primera División Chile,Primera División Chile,Universidad de Chile,O'Higgins,0,1,espn_runtime_history,RESULTS_ONLY_ESPN,ESPN,587855
2021-01-06,265,Primera División Chile,Primera División Chile,Unión Wanderers,Colo Colo,3,0,espn_runtime_history,RESULTS_ONLY_ESPN,ESPN,587856
2021-01-07,265,Primera División Chile,Primera División Chile,Curicó Unido,Antofagasta,2,0,espn_runtime_history,RESULTS_ONLY_ESPN,ESPN,587850
2021-01-07,265,Primera División Chile,Primera División Chile,Huachipato,Unión La Calera,4,3,espn_runtime_history,RESULTS_ONLY_ESPN,ESPN,587848
2021-01-07,265,Primera División Chile,Primera División Chile,Universidad de Concepción,Palestino,1,1,espn_runtime_history,RESULTS_ONLY_ESPN,ESPN,587854
2021-01-08,265,Primera División Chile,Primera División Chile,Cobresal,Audax Italiano,1,2,espn_runtime_history,RESULTS_ONLY_ESPN,ESPN,587851
2021-01-08,265,Primera División Chile,Primera División Chile,Deportes Iquique,Universidad Católica,0,1,espn_runtime_history,RESULTS_ONLY_ESPN,ESPN,587849
2021-01-10,265,Primera División Chile,Primera División Chile,Colo Colo,Everton CD,1,0,espn_runtime_history,RESULTS_ONLY_ESPN,ESPN,587859
2021-01-10,265,Primera División Chile,Primera División Chile,Universidad Católica,Curicó Unido,1,1,espn_runtime_history,RESULTS_ONLY_ESPN,ESPN,587865
2021-01-11,265,Primera División Chile,Primera División Chile,Antofagasta,La Serena,2,2,espn_runtime_history,RESULTS_ONLY_ESPN,ESPN,587857
2021-01-11,265,Primera División Chile,Primera División Chile,Palestino,Unión Española,2,2,espn_runtime_history,RESULTS_ONLY_ESPN,ESPN,587863
2021-01-11,265,Primera División Chile,Primera División Chile,Unión La Calera,Universidad de Concepción,1,2,espn_runtime_history,RESULTS_ONLY_ESPN,ESPN,587861
2021-01-11,265,Primera División Chile,Primera División Chile,Unión Wanderers,Cobresal,1,0,espn_runtime_history,RESULTS_ONLY_ESPN,ESPN,587862
2021-01-12,265,Primera División Chile,Primera División Chile,Audax Italiano,Huachipato,2,0,espn_runtime_history,RESULTS_ONLY_ESPN,ESPN,587858
2021-01-12,265,Primera División Chile,Primera División Chile,O'Higgins,Deportes Iquique,2,2,espn_runtime_history,RESULTS_ONLY_ESPN,ESPN,587864
2021-01-13,265,Primera División Chile,Primera División Chile,Universidad de Concepción,Colo Colo,1,1,espn_runtime_history,RESULTS_ONLY_ESPN,ESPN,587872
2021-01-14,265,Primera División Chile,Primera División Chile,Everton CD,Audax Italiano,2,1,espn_runtime_history,RESULTS_ONLY_ESPN,ESPN,587866
2021-01-14,265,Primera División Chile,Primera División Chile,Universidad de Chile,Palestino,1,1,espn_runtime_history,RESULTS_ONLY_ESPN,ESPN,587873
2021-01-15,265,Primera División Chile,Primera División Chile,Cobresal,Antofagasta,3,1,espn_runtime_history,RESULTS_ONLY_ESPN,ESPN,587869
2021-01-15,265,Primera División Chile,Primera División Chile,Curicó Unido,O'Higgins,1,3,espn_runtime_history,RESULTS_ONLY_ESPN,ESPN,587868
2021-01-15,265,Primera División Chile,Primera División Chile,La Serena,Unión La Calera,0,3,espn_runtime_history,RESULTS_ONLY_ESPN,ESPN,587874
2021-01-15,265,Primera División Chile,Primera División Chile,Unión Española,Universidad Católica,1,1,espn_runtime_history,RESULTS_ONLY_ESPN,ESPN,587871
2021-01-16,265,Primera División Chile,Primera División Chile,Huachipato,Unión Wanderers,4,0,espn_runtime_history,RESULTS_ONLY_ESPN,ESPN,587870
2021-01-17,265,Primera División Chile,Primera División Chile,Colo Colo,Universidad de Chile,0,0,espn_runtime_history,RESULTS_ONLY_ESPN,ESPN,587876
2021-01-18,265,Primera División Chile,Primera División Chile,Audax Italiano,Unión La Calera,1,3,espn_runtime_history,RESULTS_ONLY_ESPN,ESPN,587877
2021-01-18,265,Primera División Chile,Primera División Chile,Palestino,Cobresal,3,2,espn_runtime_history,RESULTS_ONLY_ESPN,ESPN,587881
2021-01-18,265,Primera División Chile,Primera División Chile,Unión Wanderers,La Serena,0,0,espn_runtime_history,RESULTS_ONLY_ESPN,ESPN,587882
2021-01-19,265,Primera División Chile,Primera División Chile,Antofagasta,Deportes Iquique,3,1,espn_runtime_history,RESULTS_ONLY_ESPN,ESPN,587878
2021-01-19,265,Primera División Chile,Primera División Chile,Huachipato,Unión Española,4,1,espn_runtime_history,RESULTS_ONLY_ESPN,ESPN,587883
2021-01-19,265,Primera División Chile,Primera División Chile,Universidad Católica,Everton CD,1,1,espn_runtime_history,RESULTS_ONLY_ESPN,ESPN,587879
2021-01-20,265,Primera División Chile,Primera División Chile,O'Higgins,Universidad de Concepción,0,0,espn_runtime_history,RESULTS_ONLY_ESPN,ESPN,587880
2021-01-21,265,Primera División Chile,Primera División Chile,Coquimbo Unido,Curicó Unido,0,0,espn_runtime_history,RESULTS_ONLY_ESPN,ESPN,587875
2021-01-23,265,Primera División Chile,Primera División Chile,Cobresal,Unión La Calera,1,1,espn_runtime_history,RESULTS_ONLY_ESPN,ESPN,587813
2021-01-23,265,Primera División Chile,Primera División Chile,Colo Colo,Coquimbo Unido,2,1,espn_runtime_history,RESULTS_ONLY_ESPN,ESPN,587820
2021-01-24,265,Primera División Chile,Primera División Chile,La Serena,Curicó Unido,2,0,espn_runtime_history,RESULTS_ONLY_ESPN,ESPN,587834
2021-01-24,265,Primera División Chile,Primera División Chile,Universidad de Chile,Deportes Iquique,2,2,espn_runtime_history,RESULTS_ONLY_ESPN,ESPN,587811
2021-01-25,265,Primera División Chile,Primera División Chile,Universidad Católica,Palestino,2,3,espn_runtime_history,RESULTS_ONLY_ESPN,ESPN,587807
2021-01-26,265,Primera División Chile,Primera División Chile,Unión Española,Coquimbo Unido,0,1,espn_runtime_history,RESULTS_ONLY_ESPN,ESPN,587853
2021-01-28,265,Primera División Chile,Primera División Chile,Unión La Calera,Deportes Iquique,1,2,espn_runtime_history,RESULTS_ONLY_ESPN,ESPN,587825
2021-01-29,265,Primera División Chile,Primera División Chile,Coquimbo Unido,Universidad de Chile,0,1,espn_runtime_history,RESULTS_ONLY_ESPN,ESPN,587860
2021-01-30,265,Primera División Chile,Primera División Chile,O'Higgins,Universidad Católica,2,0,espn_runtime_history,RESULTS_ONLY_ESPN,ESPN,587815
2021-01-31,265,Primera División Chile,Primera División Chile,Colo Colo,Unión La Calera,2,1,espn_runtime_history,RESULTS_ONLY_ESPN,ESPN,587831
2021-02-02,265,Primera División Chile,Primera División Chile,Deportes Iquique,Coquimbo Unido,2,2,espn_runtime_history,RESULTS_ONLY_ESPN,ESPN,587867
2021-02-04,265,Primera División Chile,Primera División Chile,Coquimbo Unido,Cobresal,0,1,espn_runtime_history,RESULTS_ONLY_ESPN,ESPN,587841
2021-02-05,265,Primera División Chile,Primera División Chile,La Serena,Universidad Católica,1,2,espn_runtime_history,RESULTS_ONLY_ESPN,ESPN,587888
2021-02-05,265,Primera División Chile,Primera División Chile,Unión La Calera,Antofagasta,1,1,espn_runtime_history,RESULTS_ONLY_ESPN,ESPN,587889
2021-02-06,265,Primera División Chile,Primera División Chile,Curicó Unido,Unión Wanderers,1,3,espn_runtime_history,RESULTS_ONLY_ESPN,ESPN,587886
2021-02-06,265,Primera División Chile,Primera División Chile,Everton CD,Palestino,1,3,espn_runtime_history,RESULTS_ONLY_ESPN,ESPN,587884
2021-02-06,265,Primera División Chile,Primera División Chile,O'Higgins,Audax Italiano,0,0,espn_runtime_history,RESULTS_ONLY_ESPN,ESPN,587892
2021-02-06,265,Primera División Chile,Primera División Chile,Universidad de Chile,Unión Española,3,0,espn_runtime_history,RESULTS_ONLY_ESPN,ESPN,587891
2021-02-07,265,Primera División Chile,Primera División Chile,Deportes Iquique,Colo Colo,0,0,espn_runtime_history,RESULTS_ONLY_ESPN,ESPN,587885
2021-02-07,265,Primera División Chile,Primera División Chile,Universidad de Concepción,Coquimbo Unido,2,1,espn_runtime_history,RESULTS_ONLY_ESPN,ESPN,587890
2021-02-08,265,Primera División Chile,Primera División Chile,Cobresal,Huachipato,2,1,espn_runtime_history,RESULTS_ONLY_ESPN,ESPN,587887
2021-02-10,265,Primera División Chile,Primera División Chile,Antofagasta,O'Higgins,1,0,espn_runtime_history,RESULTS_ONLY_ESPN,ESPN,587893
2021-02-10,265,Primera División Chile,Primera División Chile,Curicó Unido,Universidad de Chile,0,0,espn_runtime_history,RESULTS_ONLY_ESPN,ESPN,587901
2021-02-10,265,Primera División Chile,Primera División Chile,Unión Española,La Serena,1,1,espn_runtime_history,RESULTS_ONLY_ESPN,ESPN,587897
2021-02-11,265,Primera División Chile,Primera División Chile,Audax Italiano,Deportes Iquique,1,1,espn_runtime_history,RESULTS_ONLY_ESPN,ESPN,587894
2021-02-11,265,Primera División Chile,Primera División Chile,Colo Colo,Cobresal,0,0,espn_runtime_history,RESULTS_ONLY_ESPN,ESPN,587895
2021-02-11,265,Primera División Chile,Primera División Chile,Coquimbo Unido,Everton CD,3,0,espn_runtime_history,RESULTS_ONLY_ESPN,ESPN,587896
2021-02-11,265,Primera División Chile,Primera División Chile,Universidad Católica,Unión La Calera,0,0,espn_runtime_history,RESULTS_ONLY_ESPN,ESPN,587900
2021-02-11,265,Primera División Chile,Primera División Chile,Unión Wanderers,Universidad de Concepción,1,1,espn_runtime_history,RESULTS_ONLY_ESPN,ESPN,587899
2021-02-12,265,Primera División Chile,Primera División Chile,Huachipato,Palestino,1,0,espn_runtime_history,RESULTS_ONLY_ESPN,ESPN,587898
2021-02-13,265,Primera División Chile,Primera División Chile,Universidad de Chile,Antofagasta,3,1,espn_runtime_history,RESULTS_ONLY_ESPN,ESPN,587907
2021-02-13,265,Primera División Chile,Primera División Chile,Unión La Calera,Curicó Unido,2,3,espn_runtime_history,RESULTS_ONLY_ESPN,ESPN,587909
2021-02-14,265,Primera División Chile,Primera División Chile,Deportes Iquique,Unión Wanderers,2,0,espn_runtime_history,RESULTS_ONLY_ESPN,ESPN,587902
2021-02-14,265,Primera División Chile,Primera División Chile,Everton CD,Huachipato,1,0,espn_runtime_history,RESULTS_ONLY_ESPN,ESPN,587903
2021-02-14,265,Primera División Chile,Primera División Chile,La Serena,Audax Italiano,0,2,espn_runtime_history,RESULTS_ONLY_ESPN,ESPN,587904
2021-02-14,265,Primera División Chile,Primera División Chile,O'Higgins,Colo Colo,1,1,espn_runtime_history,RESULTS_ONLY_ESPN,ESPN,587905
2021-02-14,265,Primera División Chile,Primera División Chile,Palestino,Coquimbo Unido,2,2,espn_runtime_history,RESULTS_ONLY_ESPN,ESPN,587906
2021-02-14,265,Primera División Chile,Primera División Chile,Universidad de Concepción,Universidad Católica,1,2,espn_runtime_history,RESULTS_ONLY_ESPN,ESPN,587908
2021-02-15,265,Primera División Chile,Primera División Chile,Cobresal,Unión Española,4,1,espn_runtime_history,RESULTS_ONLY_ESPN,ESPN,587910
2021-02-17,265,Primera División Chile,Primera División Chile,Colo Colo,Universidad de Concepción,1,0,espn_runtime_history,RESULTS_ONLY_ESPN,ESPN,595035
2021-03-27,265,Primera División Chile,Primera División Chile,Colo Colo,Unión La Calera,0,0,espn_runtime_history,RESULTS_ONLY_ESPN,ESPN,597184
2021-03-27,265,Primera División Chile,Primera División Chile,Curicó Unido,Melipilla,2,0,espn_runtime_history,RESULTS_ONLY_ESPN,ESPN,597181
2021-03-27,265,Primera División Chile,Primera División Chile,Everton CD,O'Higgins,1,1,espn_runtime_history,RESULTS_ONLY_ESPN,ESPN,597182
2021-03-28,265,Primera División Chile,Primera División Chile,Huachipato,Cobresal,0,0,espn_runtime_history,RESULTS_ONLY_ESPN,ESPN,597179
2021-03-28,265,Primera División Chile,Primera División Chile,Palestino,Antofagasta,2,4,espn_runtime_history,RESULTS_ONLY_ESPN,ESPN,597178
2021-03-28,265,Primera División Chile,Primera División Chile,Unión Española,Santiago Wanderers,3,1,espn_runtime_history,RESULTS_ONLY_ESPN,ESPN,597185
2021-03-28,265,Primera División Chile,Primera División Chile,Ñublense,Universidad Católica,0,1,espn_runtime_history,RESULTS_ONLY_ESPN,ESPN,597183
2021-03-30,265,Primera División Chile,Primera División Chile,Audax Italiano,La Serena,2,1,espn_runtime_history,RESULTS_ONLY_ESPN,ESPN,597180
2021-04-02,265,Primera División Chile,Primera División Chile,Antofagasta,Everton CD,1,2,espn_runtime_history,RESULTS_ONLY_ESPN,ESPN,597173
2021-04-02,265,Primera División Chile,Primera División Chile,Unión La Calera,Unión Española,1,0,espn_runtime_history,RESULTS_ONLY_ESPN,ESPN,597176
2021-04-03,265,Primera División Chile,Primera División Chile,Cobresal,Colo Colo,1,2,espn_runtime_history,RESULTS_ONLY_ESPN,ESPN,597171
2021-04-03,265,Primera División Chile,Primera División Chile,Melipilla,Ñublense,1,1,espn_runtime_history,RESULTS_ONLY_ESPN,ESPN,597177
2021-04-03,265,Primera División Chile,Primera División Chile,Universidad de Chile,Huachipato,1,1,espn_runtime_history,RESULTS_ONLY_ESPN,ESPN,597174
2021-04-04,265,Primera División Chile,Primera División Chile,La Serena,Curicó Unido,2,0,espn_runtime_history,RESULTS_ONLY_ESPN,ESPN,597172
2021-04-04,265,Primera División Chile,Primera División Chile,Universidad Católica,Palestino,2,1,espn_runtime_history,RESULTS_ONLY_ESPN,ESPN,597175
2021-04-05,265,Primera División Chile,Primera División Chile,O'Higgins,Audax Italiano,0,0,espn_runtime_history,RESULTS_ONLY_ESPN,ESPN,597170
2021-04-10,265,Primera División Chile,Primera División Chile,Audax Italiano,Universidad Católica,1,0,espn_runtime_history,RESULTS_ONLY_ESPN,ESPN,597167
2021-04-10,265,Primera División Chile,Primera División Chile,Unión Española,Melipilla,0,2,espn_runtime_history,RESULTS_ONLY_ESPN,ESPN,597165
2021-04-11,265,Primera División Chile,Primera División Chile,La Serena,Universidad de Chile,0,0,espn_runtime_history,RESULTS_ONLY_ESPN,ESPN,597168
2021-04-11,265,Primera División Chile,Primera División Chile,Santiago Wanderers,Unión La Calera,1,2,espn_runtime_history,RESULTS_ONLY_ESPN,ESPN,597169
2021-04-12,265,Primera División Chile,Primera División Chile,Colo Colo,O'Higgins,1,2,espn_runtime_history,RESULTS_ONLY_ESPN,ESPN,597166
2021-04-12,265,Primera División Chile,Primera División Chile,Curicó Unido,Antofagasta,1,1,espn_runtime_history,RESULTS_ONLY_ESPN,ESPN,597162
2021-04-12,265,Primera División Chile,Primera División Chile,Palestino,Everton CD,1,1,espn_runtime_history,RESULTS_ONLY_ESPN,ESPN,597164
2021-04-12,265,Primera División Chile,Primera División Chile,Ñublense,Cobresal,3,1,espn_runtime_history,RESULTS_ONLY_ESPN,ESPN,597163
2021-04-16,265,Primera División Chile,Primera División Chile,Huachipato,Ñublense,5,3,espn_runtime_history,RESULTS_ONLY_ESPN,ESPN,597161
2021-04-16,265,Primera División Chile,Primera División Chile,Melipilla,Palestino,0,1,espn_runtime_history,RESULTS_ONLY_ESPN,ESPN,597158
2021-04-17,265,Primera División Chile,Primera División Chile,O'Higgins,La Serena,0,0,espn_runtime_history,RESULTS_ONLY_ESPN,ESPN,597157
2021-04-17,265,Primera División Chile,Primera División Chile,Universidad Católica,Curicó Unido,2,1,espn_runtime_history,RESULTS_ONLY_ESPN,ESPN,597156
2021-04-18,265,Primera División Chile,Primera División Chile,Cobresal,Santiago Wanderers,2,1,espn_runtime_history,RESULTS_ONLY_ESPN,ESPN,597160
2021-04-18,265,Primera División Chile,Primera División Chile,Everton CD,Colo Colo,0,2,espn_runtime_history,RESULTS_ONLY_ESPN,ESPN,597155
2021-04-18,265,Primera División Chile,Primera División Chile,Unión La Calera,Audax Italiano,1,1,espn_runtime_history,RESULTS_ONLY_ESPN,ESPN,597154
2021-04-20,265,Primera División Chile,Primera División Chile,Universidad de Chile,Unión Española,2,1,espn_runtime_history,RESULTS_ONLY_ESPN,ESPN,597159
2021-04-24,265,Primera División Chile,Primera División Chile,Antofagasta,Cobresal,2,1,espn_runtime_history,RESULTS_ONLY_ESPN,ESPN,597146
2021-04-24,265,Primera División Chile,Primera División Chile,Curicó Unido,Everton CD,1,1,espn_runtime_history,RESULTS_ONLY_ESPN,ESPN,597147
2021-04-24,265,Primera División Chile,Primera División Chile,La Serena,Unión Española,0,0,espn_runtime_history,RESULTS_ONLY_ESPN,ESPN,597151
2021-04-24,265,Primera División Chile,Primera División Chile,O'Higgins,Unión La Calera,1,0,espn_runtime_history,RESULTS_ONLY_ESPN,ESPN,597152
2021-04-25,265,Primera División Chile,Primera División Chile,Colo Colo,Universidad de Chile,1,0,espn_runtime_history,RESULTS_ONLY_ESPN,ESPN,597150
2021-04-25,265,Primera División Chile,Primera División Chile,Santiago Wanderers,Ñublense,1,2,espn_runtime_history,RESULTS_ONLY_ESPN,ESPN,597153
2021-04-27,265,Primera División Chile,Primera División Chile,Audax Italiano,Melipilla,1,0,espn_runtime_history,RESULTS_ONLY_ESPN,ESPN,597149
2021-05-01,265,Primera División Chile,Primera División Chile,Unión Española,Audax Italiano,1,1,espn_runtime_history,RESULTS_ONLY_ESPN,ESPN,597139
2021-05-01,265,Primera División Chile,Primera División Chile,Unión La Calera,Antofagasta,2,1,espn_runtime_history,RESULTS_ONLY_ESPN,ESPN,597138
2021-05-01,265,Primera División Chile,Primera División Chile,Ñublense,Colo Colo,5,1,espn_runtime_history,RESULTS_ONLY_ESPN,ESPN,597140
2021-05-02,265,Primera División Chile,Primera División Chile,Cobresal,Curicó Unido,2,0,espn_runtime_history,RESULTS_ONLY_ESPN,ESPN,597141
2021-05-02,265,Primera División Chile,Primera División Chile,Huachipato,O'Higgins,0,1,espn_runtime_history,RESULTS_ONLY_ESPN,ESPN,597143
2021-05-02,265,Primera División Chile,Primera División Chile,Melipilla,Universidad Católica,2,0,espn_runtime_history,RESULTS_ONLY_ESPN,ESPN,597144
2021-05-04,265,Primera División Chile,Primera División Chile,Universidad de Chile,Santiago Wanderers,1,0,espn_runtime_history,RESULTS_ONLY_ESPN,ESPN,597145
2021-05-08,265,Primera División Chile,Primera División Chile,La Serena,Ñublense,1,0,espn_runtime_history,RESULTS_ONLY_ESPN,ESPN,597137
2021-05-08,265,Primera División Chile,Primera División Chile,O'Higgins,Unión Española,1,4,espn_runtime_history,RESULTS_ONLY_ESPN,ESPN,597135
2021-05-08,265,Primera División Chile,Primera División Chile,Santiago Wanderers,Melipilla,0,3,espn_runtime_history,RESULTS_ONLY_ESPN,ESPN,597132
2021-05-08,265,Primera División Chile,Primera División Chile,Universidad Católica,Unión La Calera,3,0,espn_runtime_history,RESULTS_ONLY_ESPN,ESPN,597136
2021-05-09,265,Primera División Chile,Primera División Chile,Antofagasta,Universidad de Chile,1,2,espn_runtime_history,RESULTS_ONLY_ESPN,ESPN,597134
2021-05-09,265,Primera División Chile,Primera División Chile,Audax Italiano,Cobresal,0,0,espn_runtime_history,RESULTS_ONLY_ESPN,ESPN,597130
2021-05-09,265,Primera División Chile,Primera División Chile,Colo Colo,Palestino,1,2,espn_runtime_history,RESULTS_ONLY_ESPN,ESPN,597133
2021-05-09,265,Primera División Chile,Primera División Chile,Curicó Unido,Huachipato,2,2,espn_runtime_history,RESULTS_ONLY_ESPN,ESPN,597131
2021-05-22,265,Primera División Chile,Primera División Chile,Cobresal,La Serena,2,0,espn_runtime_history,RESULTS_ONLY_ESPN,ESPN,597127
2021-05-22,265,Primera División Chile,Primera División Chile,Santiago Wanderers,O'Higgins,0,0,espn_runtime_history,RESULTS_ONLY_ESPN,ESPN,597128
2021-05-22,265,Primera División Chile,Primera División Chile,Ñublense,Curicó Unido,2,0,espn_runtime_history,RESULTS_ONLY_ESPN,ESPN,597125
2021-05-23,265,Primera División Chile,Primera División Chile,Huachipato,Colo Colo,0,2,espn_runtime_history,RESULTS_ONLY_ESPN,ESPN,597124
2021-05-23,265,Primera División Chile,Primera División Chile,Melipilla,Antofagasta,1,1,espn_runtime_history,RESULTS_ONLY_ESPN,ESPN,597122
2021-05-23,265,Primera División Chile,Primera División Chile,Unión Española,Universidad Católica,3,2,espn_runtime_history,RESULTS_ONLY_ESPN,ESPN,597129
2021-05-24,265,Primera División Chile,Primera División Chile,Universidad de Chile,Everton CD,0,1,espn_runtime_history,RESULTS_ONLY_ESPN,ESPN,597126
2021-05-29,265,Primera División Chile,Primera División Chile,Curicó Unido,Unión Española,1,2,espn_runtime_history,RESULTS_ONLY_ESPN,ESPN,597119
2021-05-29,265,Primera División Chile,Primera División Chile,La Serena,Melipilla,5,1,espn_runtime_history,RESULTS_ONLY_ESPN,ESPN,597116
2021-05-29,265,Primera División Chile,Primera División Chile,O'Higgins,Palestino,1,0,espn_runtime_history,RESULTS_ONLY_ESPN,ESPN,597117
2021-05-30,265,Primera División Chile,Primera División Chile,Everton CD,Santiago Wanderers,1,0,espn_runtime_history,RESULTS_ONLY_ESPN,ESPN,597120
2021-05-30,265,Primera División Chile,Primera División Chile,Universidad Católica,Cobresal,2,1,espn_runtime_history,RESULTS_ONLY_ESPN,ESPN,597114
2021-05-31,265,Primera División Chile,Primera División Chile,Antofagasta,Huachipato,1,0,espn_runtime_history,RESULTS_ONLY_ESPN,ESPN,597115
2021-05-31,265,Primera División Chile,Primera División Chile,Unión La Calera,Ñublense,1,0,espn_runtime_history,RESULTS_ONLY_ESPN,ESPN,597121
2021-06-05,265,Primera División Chile,Primera División Chile,Cobresal,Unión La Calera,0,1,espn_runtime_history,RESULTS_ONLY_ESPN,ESPN,597113
2021-06-05,265,Primera División Chile,Primera División Chile,Palestino,Universidad de Chile,0,0,espn_runtime_history,RESULTS_ONLY_ESPN,ESPN,597112
2021-06-05,265,Primera División Chile,Primera División Chile,Santiago Wanderers,Universidad Católica,0,1,espn_runtime_history,RESULTS_ONLY_ESPN,ESPN,597111
2021-06-06,265,Primera División Chile,Primera División Chile,Colo Colo,La Serena,2,0,espn_runtime_history,RESULTS_ONLY_ESPN,ESPN,597109
2021-06-06,265,Primera División Chile,Primera División Chile,Huachipato,Everton CD,0,0,espn_runtime_history,RESULTS_ONLY_ESPN,ESPN,597108
2021-06-06,265,Primera División Chile,Primera División Chile,Unión Española,Antofagasta,1,1,espn_runtime_history,RESULTS_ONLY_ESPN,ESPN,597106
2021-06-07,265,Primera División Chile,Primera División Chile,Melipilla,O'Higgins,3,1,espn_runtime_history,RESULTS_ONLY_ESPN,ESPN,597110
2021-06-08,265,Primera División Chile,Primera División Chile,Ñublense,Audax Italiano,1,0,espn_runtime_history,RESULTS_ONLY_ESPN,ESPN,597107
2021-06-15,265,Primera División Chile,Primera División Chile,Palestino,Audax Italiano,0,2,espn_runtime_history,RESULTS_ONLY_ESPN,ESPN,597123
2021-07-15,265,Primera División Chile,Primera División Chile,Palestino,Huachipato,2,0,espn_runtime_history,RESULTS_ONLY_ESPN,ESPN,597148
2021-07-16,265,Primera División Chile,Primera División Chile,Antofagasta,Santiago Wanderers,1,0,espn_runtime_history,RESULTS_ONLY_ESPN,ESPN,597104
2021-07-16,265,Primera División Chile,Primera División Chile,O'Higgins,Cobresal,1,1,espn_runtime_history,RESULTS_ONLY_ESPN,ESPN,597098
2021-07-17,265,Primera División Chile,Primera División Chile,Universidad Católica,Colo Colo,0,0,espn_runtime_history,RESULTS_ONLY_ESPN,ESPN,597099
2021-07-17,265,Primera División Chile,Primera División Chile,Unión La Calera,Curicó Unido,1,0,espn_runtime_history,RESULTS_ONLY_ESPN,ESPN,597100
2021-07-19,265,Primera División Chile,Primera División Chile,Audax Italiano,Huachipato,3,3,espn_runtime_history,RESULTS_ONLY_ESPN,ESPN,597101
2021-07-20,265,Primera División Chile,Primera División Chile,Everton CD,Ñublense,0,0,espn_runtime_history,RESULTS_ONLY_ESPN,ESPN,597105
2021-07-20,265,Primera División Chile,Primera División Chile,La Serena,Palestino,4,3,espn_runtime_history,RESULTS_ONLY_ESPN,ESPN,597103
2021-07-21,265,Primera División Chile,Primera División Chile,Universidad de Chile,Melipilla,2,0,espn_runtime_history,RESULTS_ONLY_ESPN,ESPN,597102
2021-07-24,265,Primera División Chile,Primera División Chile,Everton CD,Unión Española,2,0,espn_runtime_history,RESULTS_ONLY_ESPN,ESPN,597095
2021-07-24,265,Primera División Chile,Primera División Chile,Melipilla,Unión La Calera,3,3,espn_runtime_history,RESULTS_ONLY_ESPN,ESPN,597096
2021-07-24,265,Primera División Chile,Primera División Chile,Ñublense,Antofagasta,0,0,espn_runtime_history,RESULTS_ONLY_ESPN,ESPN,597090
2021-07-25,265,Primera División Chile,Primera División Chile,Colo Colo,Audax Italiano,1,1,espn_runtime_history,RESULTS_ONLY_ESPN,ESPN,597091
2021-07-25,265,Primera División Chile,Primera División Chile,Curicó Unido,Universidad de Chile,1,2,espn_runtime_history,RESULTS_ONLY_ESPN,ESPN,597094
2021-07-25,265,Primera División Chile,Primera División Chile,Huachipato,La Serena,0,0,espn_runtime_history,RESULTS_ONLY_ESPN,ESPN,597092
2021-07-25,265,Primera División Chile,Primera División Chile,Palestino,Santiago Wanderers,2,0,espn_runtime_history,RESULTS_ONLY_ESPN,ESPN,597097
2021-07-26,265,Primera División Chile,Primera División Chile,Universidad Católica,O'Higgins,3,0,espn_runtime_history,RESULTS_ONLY_ESPN,ESPN,597093
2021-07-27,265,Primera División Chile,Primera División Chile,Audax Italiano,Everton CD,0,2,espn_runtime_history,RESULTS_ONLY_ESPN,ESPN,597084
2021-07-28,265,Primera División Chile,Primera División Chile,Cobresal,Melipilla,1,1,espn_runtime_history,RESULTS_ONLY_ESPN,ESPN,597086
2021-07-28,265,Primera División Chile,Primera División Chile,O'Higgins,Curicó Unido,2,2,espn_runtime_history,RESULTS_ONLY_ESPN,ESPN,597083
2021-07-28,265,Primera División Chile,Primera División Chile,Unión Española,Huachipato,3,1,espn_runtime_history,RESULTS_ONLY_ESPN,ESPN,597085
2021-07-29,265,Primera División Chile,Primera División Chile,Antofagasta,Universidad Católica,3,2,espn_runtime_history,RESULTS_ONLY_ESPN,ESPN,597088
2021-07-29,265,Primera División Chile,Primera División Chile,Santiago Wanderers,Colo Colo,0,4,espn_runtime_history,RESULTS_ONLY_ESPN,ESPN,597082
2021-07-29,265,Primera División Chile,Primera División Chile,Universidad de Chile,Ñublense,1,1,espn_runtime_history,RESULTS_ONLY_ESPN,ESPN,597089
2021-07-29,265,Primera División Chile,Primera División Chile,Unión La Calera,Palestino,2,1,espn_runtime_history,RESULTS_ONLY_ESPN,ESPN,597087
2021-08-01,265,Primera División Chile,Primera División Chile,Huachipato,Unión La Calera,0,0,espn_runtime_history,RESULTS_ONLY_ESPN,ESPN,597080
2021-08-01,265,Primera División Chile,Primera División Chile,Palestino,Unión Española,3,2,espn_runtime_history,RESULTS_ONLY_ESPN,ESPN,597079
2021-08-01,265,Primera División Chile,Primera División Chile,Universidad de Chile,Universidad Católica,2,1,espn_runtime_history,RESULTS_ONLY_ESPN,ESPN,597078
2021-08-02,265,Primera División Chile,Primera División Chile,La Serena,Antofagasta,1,1,espn_runtime_history,RESULTS_ONLY_ESPN,ESPN,597074
2021-08-02,265,Primera División Chile,Primera División Chile,Melipilla,Colo Colo,2,4,espn_runtime_history,RESULTS_ONLY_ESPN,ESPN,597076
2021-08-02,265,Primera División Chile,Primera División Chile,Ñublense,O'Higgins,0,0,espn_runtime_history,RESULTS_ONLY_ESPN,ESPN,597077
2021-08-03,265,Primera División Chile,Primera División Chile,Curicó Unido,Santiago Wanderers,2,1,espn_runtime_history,RESULTS_ONLY_ESPN,ESPN,597081
2021-08-04,265,Primera División Chile,Primera División Chile,Everton CD,Cobresal,3,0,espn_runtime_history,RESULTS_ONLY_ESPN,ESPN,597075
2021-08-07,265,Primera División Chile,Primera División Chile,O'Higgins,Universidad de Chile,1,3,espn_runtime_history,RESULTS_ONLY_ESPN,ESPN,597072
2021-08-07,265,Primera División Chile,Primera División Chile,Unión Española,Ñublense,3,2,espn_runtime_history,RESULTS_ONLY_ESPN,ESPN,597073
2021-08-08,265,Primera División Chile,Primera División Chile,Antofagasta,Audax Italiano,0,1,espn_runtime_history,RESULTS_ONLY_ESPN,ESPN,597066
2021-08-08,265,Primera División Chile,Primera División Chile,Colo Colo,Curicó Unido,2,0,espn_runtime_history,RESULTS_ONLY_ESPN,ESPN,597067
2021-08-08,265,Primera División Chile,Primera División Chile,Santiago Wanderers,Huachipato,1,4,espn_runtime_history,RESULTS_ONLY_ESPN,ESPN,597069
2021-08-08,265,Primera División Chile,Primera División Chile,Universidad Católica,La Serena,4,3,espn_runtime_history,RESULTS_ONLY_ESPN,ESPN,597070
2021-08-09,265,Primera División Chile,Primera División Chile,Cobresal,Palestino,3,1,espn_runtime_history,RESULTS_ONLY_ESPN,ESPN,597071
2021-08-09,265,Primera División Chile,Primera División Chile,Unión La Calera,Everton CD,1,0,espn_runtime_history,RESULTS_ONLY_ESPN,ESPN,597068
2021-08-13,265,Primera División Chile,Primera División Chile,Audax Italiano,Santiago Wanderers,1,0,espn_runtime_history,RESULTS_ONLY_ESPN,ESPN,597065
2021-08-14,265,Primera División Chile,Primera División Chile,Antofagasta,O'Higgins,2,1,espn_runtime_history,RESULTS_ONLY_ESPN,ESPN,597062
2021-08-14,265,Primera División Chile,Primera División Chile,Everton CD,Melipilla,1,2,espn_runtime_history,RESULTS_ONLY_ESPN,ESPN,597061
2021-08-14,265,Primera División Chile,Primera División Chile,La Serena,Unión La Calera,1,2,espn_runtime_history,RESULTS_ONLY_ESPN,ESPN,597064
2021-08-14,265,Primera División Chile,Primera División Chile,Unión Española,Colo Colo,0,1,espn_runtime_history,RESULTS_ONLY_ESPN,ESPN,597059
2021-08-15,265,Primera División Chile,Primera División Chile,Huachipato,Universidad Católica,2,1,espn_runtime_history,RESULTS_ONLY_ESPN,ESPN,597063
2021-08-15,265,Primera División Chile,Primera División Chile,Palestino,Curicó Unido,0,2,espn_runtime_history,RESULTS_ONLY_ESPN,ESPN,597060
2021-08-15,265,Primera División Chile,Primera División Chile,Universidad de Chile,Cobresal,0,2,espn_runtime_history,RESULTS_ONLY_ESPN,ESPN,597058
2021-08-21,265,Primera División Chile,Primera División Chile,Colo Colo,Antofagasta,2,0,espn_runtime_history,RESULTS_ONLY_ESPN,ESPN,597050
2021-08-21,265,Primera División Chile,Primera División Chile,Curicó Unido,Audax Italiano,2,2,espn_runtime_history,RESULTS_ONLY_ESPN,ESPN,597051
2021-08-21,265,Primera División Chile,Primera División Chile,Santiago Wanderers,La Serena,2,2,espn_runtime_history,RESULTS_ONLY_ESPN,ESPN,597054
2021-08-21,265,Primera División Chile,Primera División Chile,Ñublense,Palestino,2,2,espn_runtime_history,RESULTS_ONLY_ESPN,ESPN,597055
2021-08-22,265,Primera División Chile,Primera División Chile,Cobresal,Unión Española,2,0,espn_runtime_history,RESULTS_ONLY_ESPN,ESPN,597057
2021-08-22,265,Primera División Chile,Primera División Chile,Melipilla,Huachipato,1,2,espn_runtime_history,RESULTS_ONLY_ESPN,ESPN,597053
2021-08-22,265,Primera División Chile,Primera División Chile,Universidad Católica,Everton CD,2,0,espn_runtime_history,RESULTS_ONLY_ESPN,ESPN,597052
2021-08-22,265,Primera División Chile,Primera División Chile,Unión La Calera,Universidad de Chile,1,4,espn_runtime_history,RESULTS_ONLY_ESPN,ESPN,597056
2021-08-25,265,Primera División Chile,Primera División Chile,Antofagasta,Palestino,2,1,espn_runtime_history,RESULTS_ONLY_ESPN,ESPN,597703
2021-08-25,265,Primera División Chile,Primera División Chile,Melipilla,Curicó Unido,1,1,espn_runtime_history,RESULTS_ONLY_ESPN,ESPN,597572
2021-08-25,265,Primera División Chile,Primera División Chile,Universidad Católica,Ñublense,2,2,espn_runtime_history,RESULTS_ONLY_ESPN,ESPN,597569
2021-08-25,265,Primera División Chile,Primera División Chile,Unión La Calera,Colo Colo,1,1,espn_runtime_history,RESULTS_ONLY_ESPN,ESPN,597568
2021-08-26,265,Primera División Chile,Primera División Chile,La Serena,Audax Italiano,0,2,espn_runtime_history,RESULTS_ONLY_ESPN,ESPN,597573
2021-08-26,265,Primera División Chile,Primera División Chile,O'Higgins,Everton CD,1,0,espn_runtime_history,RESULTS_ONLY_ESPN,ESPN,597571
2021-08-26,265,Primera División Chile,Primera División Chile,Santiago Wanderers,Unión Española,1,2,espn_runtime_history,RESULTS_ONLY_ESPN,ESPN,597570
2021-08-28,265,Primera División Chile,Primera División Chile,Palestino,Universidad Católica,3,0,espn_runtime_history,RESULTS_ONLY_ESPN,ESPN,597576
2021-08-29,265,Primera División Chile,Primera División Chile,Colo Colo,Cobresal,0,1,espn_runtime_history,RESULTS_ONLY_ESPN,ESPN,597580
2021-08-29,265,Primera División Chile,Primera División Chile,Everton CD,Antofagasta,1,1,espn_runtime_history,RESULTS_ONLY_ESPN,ESPN,597578
2021-08-29,265,Primera División Chile,Primera División Chile,Huachipato,Universidad de Chile,1,1,espn_runtime_history,RESULTS_ONLY_ESPN,ESPN,597577
2021-08-29,265,Primera División Chile,Primera División Chile,Unión Española,Unión La Calera,2,1,espn_runtime_history,RESULTS_ONLY_ESPN,ESPN,597575
2021-08-29,265,Primera División Chile,Primera División Chile,Ñublense,Melipilla,3,0,espn_runtime_history,RESULTS_ONLY_ESPN,ESPN,597581
2021-08-30,265,Primera División Chile,Primera División Chile,Audax Italiano,O'Higgins,1,0,espn_runtime_history,RESULTS_ONLY_ESPN,ESPN,597582
2021-08-31,265,Primera División Chile,Primera División Chile,Curicó Unido,La Serena,2,0,espn_runtime_history,RESULTS_ONLY_ESPN,ESPN,597579
2021-09-06,265,Primera División Chile,Primera División Chile,Cobresal,Ñublense,4,1,espn_runtime_history,RESULTS_ONLY_ESPN,ESPN,597588
2021-09-06,265,Primera División Chile,Primera División Chile,Universidad de Chile,La Serena,1,1,espn_runtime_history,RESULTS_ONLY_ESPN,ESPN,597583
2021-09-07,265,Primera División Chile,Primera División Chile,Antofagasta,Curicó Unido,1,1,espn_runtime_history,RESULTS_ONLY_ESPN,ESPN,597589
2021-09-07,265,Primera División Chile,Primera División Chile,Melipilla,Unión Española,0,3,espn_runtime_history,RESULTS_ONLY_ESPN,ESPN,597586
2021-09-07,265,Primera División Chile,Primera División Chile,Universidad Católica,Audax Italiano,3,1,espn_runtime_history,RESULTS_ONLY_ESPN,ESPN,597584
2021-09-08,265,Primera División Chile,Primera División Chile,Everton CD,Palestino,1,0,espn_runtime_history,RESULTS_ONLY_ESPN,ESPN,597587
2021-09-08,265,Primera División Chile,Primera División Chile,O'Higgins,Colo Colo,2,3,espn_runtime_history,RESULTS_ONLY_ESPN,ESPN,597585
2021-09-08,265,Primera División Chile,Primera División Chile,Unión La Calera,Santiago Wanderers,0,1,espn_runtime_history,RESULTS_ONLY_ESPN,ESPN,597590
2021-09-12,265,Primera División Chile,Primera División Chile,Audax Italiano,Unión La Calera,2,3,espn_runtime_history,RESULTS_ONLY_ESPN,ESPN,597597
2021-09-12,265,Primera División Chile,Primera División Chile,Curicó Unido,Universidad Católica,2,4,espn_runtime_history,RESULTS_ONLY_ESPN,ESPN,597595
2021-09-12,265,Primera División Chile,Primera División Chile,Santiago Wanderers,Cobresal,2,1,espn_runtime_history,RESULTS_ONLY_ESPN,ESPN,597592
2021-09-13,265,Primera División Chile,Primera División Chile,Unión Española,Universidad de Chile,2,3,espn_runtime_history,RESULTS_ONLY_ESPN,ESPN,597591
2021-09-13,265,Primera División Chile,Primera División Chile,Ñublense,Huachipato,2,2,espn_runtime_history,RESULTS_ONLY_ESPN,ESPN,597598
2021-09-14,265,Primera División Chile,Primera División Chile,Colo Colo,Everton CD,2,0,espn_runtime_history,RESULTS_ONLY_ESPN,ESPN,597596
2021-09-14,265,Primera División Chile,Primera División Chile,La Serena,O'Higgins,2,0,espn_runtime_history,RESULTS_ONLY_ESPN,ESPN,597594
2021-09-15,265,Primera División Chile,Primera División Chile,Palestino,Melipilla,3,1,espn_runtime_history,RESULTS_ONLY_ESPN,ESPN,597593
2021-09-17,265,Primera División Chile,Primera División Chile,Cobresal,Huachipato,1,1,espn_runtime_history,RESULTS_ONLY_ESPN,ESPN,597574
2021-09-24,265,Primera División Chile,Primera División Chile,Huachipato,Palestino,1,1,espn_runtime_history,RESULTS_ONLY_ESPN,ESPN,597606
2021-09-25,265,Primera División Chile,Primera División Chile,Cobresal,Antofagasta,2,0,espn_runtime_history,RESULTS_ONLY_ESPN,ESPN,597599
2021-09-25,265,Primera División Chile,Primera División Chile,Everton CD,Curicó Unido,0,0,espn_runtime_history,RESULTS_ONLY_ESPN,ESPN,597600
2021-09-25,265,Primera División Chile,Primera División Chile,Melipilla,Audax Italiano,1,1,espn_runtime_history,RESULTS_ONLY_ESPN,ESPN,597605
2021-09-25,265,Primera División Chile,Primera División Chile,Unión Española,La Serena,2,1,espn_runtime_history,RESULTS_ONLY_ESPN,ESPN,597603
2021-09-25,265,Primera División Chile,Primera División Chile,Unión La Calera,O'Higgins,2,0,espn_runtime_history,RESULTS_ONLY_ESPN,ESPN,597602
2021-09-26,265,Primera División Chile,Primera División Chile,Universidad de Chile,Colo Colo,1,3,espn_runtime_history,RESULTS_ONLY_ESPN,ESPN,597604
2021-09-26,265,Primera División Chile,Primera División Chile,Ñublense,Santiago Wanderers,1,2,espn_runtime_history,RESULTS_ONLY_ESPN,ESPN,597601
2021-09-28,265,Primera División Chile,Primera División Chile,La Serena,Everton CD,0,2,espn_runtime_history,RESULTS_ONLY_ESPN,ESPN,597610
2021-09-29,265,Primera División Chile,Primera División Chile,Antofagasta,Unión La Calera,1,3,espn_runtime_history,RESULTS_ONLY_ESPN,ESPN,597607
2021-09-29,265,Primera División Chile,Primera División Chile,O'Higgins,Huachipato,2,0,espn_runtime_history,RESULTS_ONLY_ESPN,ESPN,597609
2021-09-29,265,Primera División Chile,Primera División Chile,Santiago Wanderers,Universidad de Chile,2,1,espn_runtime_history,RESULTS_ONLY_ESPN,ESPN,597608
2021-09-30,265,Primera División Chile,Primera División Chile,Colo Colo,Ñublense,0,1,espn_runtime_history,RESULTS_ONLY_ESPN,ESPN,597612
2021-09-30,265,Primera División Chile,Primera División Chile,Curicó Unido,Cobresal,1,0,espn_runtime_history,RESULTS_ONLY_ESPN,ESPN,597611
2021-09-30,265,Primera División Chile,Primera División Chile,Universidad Católica,Melipilla,4,0,espn_runtime_history,RESULTS_ONLY_ESPN,ESPN,597614
2021-10-02,265,Primera División Chile,Primera División Chile,Unión La Calera,Universidad Católica,0,2,espn_runtime_history,RESULTS_ONLY_ESPN,ESPN,597615
2021-10-03,265,Primera División Chile,Primera División Chile,Palestino,Colo Colo,1,2,espn_runtime_history,RESULTS_ONLY_ESPN,ESPN,597621
2021-10-03,265,Primera División Chile,Primera División Chile,Universidad de Chile,Antofagasta,2,2,espn_runtime_history,RESULTS_ONLY_ESPN,ESPN,597622
2021-10-03,265,Primera División Chile,Primera División Chile,Unión Española,O'Higgins,3,2,espn_runtime_history,RESULTS_ONLY_ESPN,ESPN,597616
2021-10-04,265,Primera División Chile,Primera División Chile,Cobresal,Audax Italiano,1,2,espn_runtime_history,RESULTS_ONLY_ESPN,ESPN,597618
2021-10-04,265,Primera División Chile,Primera División Chile,Melipilla,Santiago Wanderers,1,1,espn_runtime_history,RESULTS_ONLY_ESPN,ESPN,597620
2021-10-05,265,Primera División Chile,Primera División Chile,Huachipato,Curicó Unido,1,4,espn_runtime_history,RESULTS_ONLY_ESPN,ESPN,597619
2021-10-05,265,Primera División Chile,Primera División Chile,Ñublense,La Serena,0,1,espn_runtime_history,RESULTS_ONLY_ESPN,ESPN,597617
2021-10-06,265,Primera División Chile,Primera División Chile,Universidad Católica,Unión Española,2,1,espn_runtime_history,RESULTS_ONLY_ESPN,ESPN,597630
2021-10-09,265,Primera División Chile,Primera División Chile,Antofagasta,Melipilla,1,0,espn_runtime_history,RESULTS_ONLY_ESPN,ESPN,597623
2021-10-09,265,Primera División Chile,Primera División Chile,Audax Italiano,Palestino,2,3,espn_runtime_history,RESULTS_ONLY_ESPN,ESPN,597629
2021-10-09,265,Primera División Chile,Primera División Chile,Colo Colo,Huachipato,2,0,espn_runtime_history,RESULTS_ONLY_ESPN,ESPN,597628
2021-10-09,265,Primera División Chile,Primera División Chile,Everton CD,Universidad de Chile,1,0,espn_runtime_history,RESULTS_ONLY_ESPN,ESPN,597626
2021-10-10,265,Primera División Chile,Primera División Chile,La Serena,Cobresal,2,1,espn_runtime_history,RESULTS_ONLY_ESPN,ESPN,597625
2021-10-11,265,Primera División Chile,Primera División Chile,Curicó Unido,Ñublense,0,0,espn_runtime_history,RESULTS_ONLY_ESPN,ESPN,597627
2021-10-11,265,Primera División Chile,Primera División Chile,O'Higgins,Santiago Wanderers,1,0,espn_runtime_history,RESULTS_ONLY_ESPN,ESPN,597624
2021-10-15,265,Primera División Chile,Primera División Chile,Huachipato,Antofagasta,0,1,espn_runtime_history,RESULTS_ONLY_ESPN,ESPN,597636
2021-10-15,265,Primera División Chile,Primera División Chile,Palestino,O'Higgins,2,2,espn_runtime_history,RESULTS_ONLY_ESPN,ESPN,597634
2021-10-15,265,Primera División Chile,Primera División Chile,Universidad de Chile,Audax Italiano,0,1,espn_runtime_history,RESULTS_ONLY_ESPN,ESPN,597632
2021-10-16,265,Primera División Chile,Primera División Chile,Cobresal,Universidad Católica,1,3,espn_runtime_history,RESULTS_ONLY_ESPN,ESPN,597637
2021-10-16,265,Primera División Chile,Primera División Chile,Melipilla,La Serena,1,1,espn_runtime_history,RESULTS_ONLY_ESPN,ESPN,597635
2021-10-16,265,Primera División Chile,Primera División Chile,Santiago Wanderers,Everton CD,2,1,espn_runtime_history,RESULTS_ONLY_ESPN,ESPN,597633
2021-10-16,265,Primera División Chile,Primera División Chile,Unión Española,Curicó Unido,2,1,espn_runtime_history,RESULTS_ONLY_ESPN,ESPN,597631
2021-10-16,265,Primera División Chile,Primera División Chile,Ñublense,Unión La Calera,0,2,espn_runtime_history,RESULTS_ONLY_ESPN,ESPN,597638
2021-10-19,265,Primera División Chile,Primera División Chile,Audax Italiano,Ñublense,0,3,espn_runtime_history,RESULTS_ONLY_ESPN,ESPN,597640
2021-10-20,265,Primera División Chile,Primera División Chile,La Serena,Colo Colo,1,4,espn_runtime_history,RESULTS_ONLY_ESPN,ESPN,597642
2021-10-20,265,Primera División Chile,Primera División Chile,O'Higgins,Melipilla,1,2,espn_runtime_history,RESULTS_ONLY_ESPN,ESPN,597643
2021-10-20,265,Primera División Chile,Primera División Chile,Universidad Católica,Santiago Wanderers,3,2,espn_runtime_history,RESULTS_ONLY_ESPN,ESPN,597644
2021-10-21,265,Primera División Chile,Primera División Chile,Antofagasta,Unión Española,1,2,espn_runtime_history,RESULTS_ONLY_ESPN,ESPN,597641
2021-10-21,265,Primera División Chile,Primera División Chile,Everton CD,Huachipato,1,0,espn_runtime_history,RESULTS_ONLY_ESPN,ESPN,597639
2021-10-21,265,Primera División Chile,Primera División Chile,Universidad de Chile,Palestino,0,1,espn_runtime_history,RESULTS_ONLY_ESPN,ESPN,597645
2021-10-22,265,Primera División Chile,Primera División Chile,Unión La Calera,Cobresal,1,2,espn_runtime_history,RESULTS_ONLY_ESPN,ESPN,597646
2021-10-23,265,Primera División Chile,Primera División Chile,Ñublense,Everton CD,1,1,espn_runtime_history,RESULTS_ONLY_ESPN,ESPN,597651
2021-10-24,265,Primera División Chile,Primera División Chile,Colo Colo,Universidad Católica,2,1,espn_runtime_history,RESULTS_ONLY_ESPN,ESPN,597648
2021-10-24,265,Primera División Chile,Primera División Chile,Huachipato,Audax Italiano,0,0,espn_runtime_history,RESULTS_ONLY_ESPN,ESPN,597650
2021-10-24,265,Primera División Chile,Primera División Chile,Melipilla,Universidad de Chile,3,0,espn_runtime_history,RESULTS_ONLY_ESPN,ESPN,597654
2021-10-25,265,Primera División Chile,Primera División Chile,Palestino,La Serena,3,3,espn_runtime_history,RESULTS_ONLY_ESPN,ESPN,597653
2021-10-25,265,Primera División Chile,Primera División Chile,Santiago Wanderers,Antofagasta,0,1,espn_runtime_history,RESULTS_ONLY_ESPN,ESPN,597652
2021-10-26,265,Primera División Chile,Primera División Chile,Cobresal,O'Higgins,2,3,espn_runtime_history,RESULTS_ONLY_ESPN,ESPN,597649
2021-10-26,265,Primera División Chile,Primera División Chile,Curicó Unido,Unión La Calera,1,1,espn_runtime_history,RESULTS_ONLY_ESPN,ESPN,597647
2021-10-28,265,Primera División Chile,Primera División Chile,Audax Italiano,Colo Colo,2,0,espn_runtime_history,RESULTS_ONLY_ESPN,ESPN,597656
2021-10-29,265,Primera División Chile,Primera División Chile,La Serena,Huachipato,2,2,espn_runtime_history,RESULTS_ONLY_ESPN,ESPN,597657
2021-10-29,265,Primera División Chile,Primera División Chile,Santiago Wanderers,Palestino,1,1,espn_runtime_history,RESULTS_ONLY_ESPN,ESPN,597660
2021-10-30,265,Primera División Chile,Primera División Chile,Universidad de Chile,Curicó Unido,1,2,espn_runtime_history,RESULTS_ONLY_ESPN,ESPN,597659
2021-10-30,265,Primera División Chile,Primera División Chile,Unión Española,Everton CD,3,2,espn_runtime_history,RESULTS_ONLY_ESPN,ESPN,597658
2021-10-31,265,Primera División Chile,Primera División Chile,Antofagasta,Ñublense,2,1,espn_runtime_history,RESULTS_ONLY_ESPN,ESPN,597655
2021-10-31,265,Primera División Chile,Primera División Chile,O'Higgins,Universidad Católica,1,3,espn_runtime_history,RESULTS_ONLY_ESPN,ESPN,597661
2021-10-31,265,Primera División Chile,Primera División Chile,Unión La Calera,Melipilla,2,3,espn_runtime_history,RESULTS_ONLY_ESPN,ESPN,597662
2021-11-03,265,Primera División Chile,Primera División Chile,Everton CD,Audax Italiano,1,2,espn_runtime_history,RESULTS_ONLY_ESPN,ESPN,597667
2021-11-03,265,Primera División Chile,Primera División Chile,Huachipato,Unión Española,1,0,espn_runtime_history,RESULTS_ONLY_ESPN,ESPN,597666
2021-11-03,265,Primera División Chile,Primera División Chile,Melipilla,Cobresal,2,1,espn_runtime_history,RESULTS_ONLY_ESPN,ESPN,597665
2021-11-04,265,Primera División Chile,Primera División Chile,Curicó Unido,O'Higgins,0,2,espn_runtime_history,RESULTS_ONLY_ESPN,ESPN,597668
2021-11-04,265,Primera División Chile,Primera División Chile,Palestino,Unión La Calera,1,2,espn_runtime_history,RESULTS_ONLY_ESPN,ESPN,597664
2021-11-04,265,Primera División Chile,Primera División Chile,Universidad Católica,Antofagasta,4,0,espn_runtime_history,RESULTS_ONLY_ESPN,ESPN,597663
2021-11-04,265,Primera División Chile,Primera División Chile,Ñublense,Universidad de Chile,1,0,espn_runtime_history,RESULTS_ONLY_ESPN,ESPN,597670
2021-11-06,265,Primera División Chile,Primera División Chile,Colo Colo,Santiago Wanderers,3,0,espn_runtime_history,RESULTS_ONLY_ESPN,ESPN,597669
2021-11-07,265,Primera División Chile,Primera División Chile,Cobresal,Everton CD,2,2,espn_runtime_history,RESULTS_ONLY_ESPN,ESPN,597676
2021-11-07,265,Primera División Chile,Primera División Chile,O'Higgins,Ñublense,1,1,espn_runtime_history,RESULTS_ONLY_ESPN,ESPN,597674
2021-11-07,265,Primera División Chile,Primera División Chile,Universidad Católica,Universidad de Chile,1,0,espn_runtime_history,RESULTS_ONLY_ESPN,ESPN,597672
2021-11-08,265,Primera División Chile,Primera División Chile,Antofagasta,La Serena,0,0,espn_runtime_history,RESULTS_ONLY_ESPN,ESPN,597677
2021-11-08,265,Primera División Chile,Primera División Chile,Unión Española,Palestino,1,3,espn_runtime_history,RESULTS_ONLY_ESPN,ESPN,597671
2021-11-08,265,Primera División Chile,Primera División Chile,Unión La Calera,Huachipato,0,2,espn_runtime_history,RESULTS_ONLY_ESPN,ESPN,597678
2021-11-09,265,Primera División Chile,Primera División Chile,Santiago Wanderers,Curicó Unido,0,3,espn_runtime_history,RESULTS_ONLY_ESPN,ESPN,597673
2021-11-10,265,Primera División Chile,Primera División Chile,Colo Colo,Melipilla,1,0,espn_runtime_history,RESULTS_ONLY_ESPN,ESPN,597675
2021-11-13,265,Primera División Chile,Primera División Chile,La Serena,Universidad Católica,0,2,espn_runtime_history,RESULTS_ONLY_ESPN,ESPN,597684
2021-11-13,265,Primera División Chile,Primera División Chile,Ñublense,Unión Española,6,1,espn_runtime_history,RESULTS_ONLY_ESPN,ESPN,597681
2021-11-14,265,Primera División Chile,Primera División Chile,Audax Italiano,Antofagasta,0,0,espn_runtime_history,RESULTS_ONLY_ESPN,ESPN,597679
2021-11-14,265,Primera División Chile,Primera División Chile,Curicó Unido,Colo Colo,0,0,espn_runtime_history,RESULTS_ONLY_ESPN,ESPN,597680
2021-11-14,265,Primera División Chile,Primera División Chile,Everton CD,Unión La Calera,1,2,espn_runtime_history,RESULTS_ONLY_ESPN,ESPN,597686
2021-11-14,265,Primera División Chile,Primera División Chile,Palestino,Cobresal,2,1,espn_runtime_history,RESULTS_ONLY_ESPN,ESPN,597683
2021-11-15,265,Primera División Chile,Primera División Chile,Huachipato,Santiago Wanderers,2,0,espn_runtime_history,RESULTS_ONLY_ESPN,ESPN,597685
2021-11-15,265,Primera División Chile,Primera División Chile,Universidad de Chile,O'Higgins,0,0,espn_runtime_history,RESULTS_ONLY_ESPN,ESPN,597682
2021-11-27,265,Primera División Chile,Primera División Chile,Cobresal,Universidad de Chile,0,0,espn_runtime_history,RESULTS_ONLY_ESPN,ESPN,597687
2021-11-27,265,Primera División Chile,Primera División Chile,Melipilla,Everton CD,1,0,espn_runtime_history,RESULTS_ONLY_ESPN,ESPN,597691
2021-11-27,265,Primera División Chile,Primera División Chile,O'Higgins,Antofagasta,0,0,espn_runtime_history,RESULTS_ONLY_ESPN,ESPN,597690
2021-11-28,265,Primera División Chile,Primera División Chile,Colo Colo,Unión Española,0,1,espn_runtime_history,RESULTS_ONLY_ESPN,ESPN,597693
2021-11-28,265,Primera División Chile,Primera División Chile,Curicó Unido,Palestino,1,1,espn_runtime_history,RESULTS_ONLY_ESPN,ESPN,597692
2021-11-28,265,Primera División Chile,Primera División Chile,Santiago Wanderers,Audax Italiano,2,2,espn_runtime_history,RESULTS_ONLY_ESPN,ESPN,597689
2021-11-28,265,Primera División Chile,Primera División Chile,Universidad Católica,Huachipato,2,0,espn_runtime_history,RESULTS_ONLY_ESPN,ESPN,597688
2021-11-28,265,Primera División Chile,Primera División Chile,Unión La Calera,La Serena,1,2,espn_runtime_history,RESULTS_ONLY_ESPN,ESPN,597694
2021-12-04,265,Primera División Chile,Primera División Chile,Antofagasta,Colo Colo,1,0,espn_runtime_history,RESULTS_ONLY_ESPN,ESPN,597695
2021-12-04,265,Primera División Chile,Primera División Chile,Everton CD,Universidad Católica,0,3,espn_runtime_history,RESULTS_ONLY_ESPN,ESPN,597697
2021-12-04,265,Primera División Chile,Primera División Chile,La Serena,Santiago Wanderers,0,0,espn_runtime_history,RESULTS_ONLY_ESPN,ESPN,597699
2021-12-04,265,Primera División Chile,Primera División Chile,Palestino,Ñublense,1,4,espn_runtime_history,RESULTS_ONLY_ESPN,ESPN,597700
2021-12-05,265,Primera División Chile,Primera División Chile,Audax Italiano,Curicó Unido,1,1,espn_runtime_history,RESULTS_ONLY_ESPN,ESPN,597696
2021-12-05,265,Primera División Chile,Primera División Chile,Huachipato,Melipilla,3,1,espn_runtime_history,RESULTS_ONLY_ESPN,ESPN,597702
2021-12-05,265,Primera División Chile,Primera División Chile,Universidad de Chile,Unión La Calera,3,2,espn_runtime_history,RESULTS_ONLY_ESPN,ESPN,597701
2021-12-05,265,Primera División Chile,Primera División Chile,Unión Española,Cobresal,0,1,espn_runtime_history,RESULTS_ONLY_ESPN,ESPN,597698
2022-02-04,265,Primera División Chile,Primera División Chile,O'Higgins,La Serena,3,0,espn_runtime_history,RESULTS_ONLY_ESPN,ESPN,629460
2022-02-05,265,Primera División Chile,Primera División Chile,Coquimbo Unido,Universidad Católica,2,3,espn_runtime_history,RESULTS_ONLY_ESPN,ESPN,629463
2022-02-05,265,Primera División Chile,Primera División Chile,Unión Española,Palestino,1,1,espn_runtime_history,RESULTS_ONLY_ESPN,ESPN,629461
2022-02-06,265,Primera División Chile,Primera División Chile,Antofagasta,Cobresal,0,1,espn_runtime_history,RESULTS_ONLY_ESPN,ESPN,629458
2022-02-06,265,Primera División Chile,Primera División Chile,Colo Colo,Everton CD,2,0,espn_runtime_history,RESULTS_ONLY_ESPN,ESPN,629459
2022-02-06,265,Primera División Chile,Primera División Chile,Unión La Calera,Universidad de Chile,2,4,espn_runtime_history,RESULTS_ONLY_ESPN,ESPN,629464
2022-02-07,265,Primera División Chile,Primera División Chile,Audax Italiano,Ñublense,1,2,espn_runtime_history,RESULTS_ONLY_ESPN,ESPN,629465
2022-02-07,265,Primera División Chile,Primera División Chile,Curicó Unido,Huachipato,4,0,espn_runtime_history,RESULTS_ONLY_ESPN,ESPN,629462
2022-02-11,265,Primera División Chile,Primera División Chile,Everton CD,Coquimbo Unido,2,0,espn_runtime_history,RESULTS_ONLY_ESPN,ESPN,629453
2022-02-11,265,Primera División Chile,Primera División Chile,Palestino,O'Higgins,1,0,espn_runtime_history,RESULTS_ONLY_ESPN,ESPN,629455
2022-02-12,265,Primera División Chile,Primera División Chile,Huachipato,Audax Italiano,2,1,espn_runtime_history,RESULTS_ONLY_ESPN,ESPN,629451
2022-02-12,265,Primera División Chile,Primera División Chile,Universidad de Chile,Antofagasta,2,1,espn_runtime_history,RESULTS_ONLY_ESPN,ESPN,629450
2022-02-13,265,Primera División Chile,Primera División Chile,La Serena,Colo Colo,1,1,espn_runtime_history,RESULTS_ONLY_ESPN,ESPN,629452
2022-02-13,265,Primera División Chile,Primera División Chile,Universidad Católica,Unión Española,2,1,espn_runtime_history,RESULTS_ONLY_ESPN,ESPN,629456
2022-02-14,265,Primera División Chile,Primera División Chile,Cobresal,Curicó Unido,2,3,espn_runtime_history,RESULTS_ONLY_ESPN,ESPN,629454
2022-02-14,265,Primera División Chile,Primera División Chile,Ñublense,Unión La Calera,0,0,espn_runtime_history,RESULTS_ONLY_ESPN,ESPN,629457
2022-02-18,265,Primera División Chile,Primera División Chile,O'Higgins,Huachipato,1,1,espn_runtime_history,RESULTS_ONLY_ESPN,ESPN,629448
2022-02-18,265,Primera División Chile,Primera División Chile,Unión Española,Everton CD,1,1,espn_runtime_history,RESULTS_ONLY_ESPN,ESPN,629445
2022-02-19,265,Primera División Chile,Primera División Chile,Antofagasta,La Serena,2,2,espn_runtime_history,RESULTS_ONLY_ESPN,ESPN,629446
2022-02-19,265,Primera División Chile,Primera División Chile,Colo Colo,Audax Italiano,1,1,espn_runtime_history,RESULTS_ONLY_ESPN,ESPN,629442
2022-02-20,265,Primera División Chile,Primera División Chile,Coquimbo Unido,Palestino,2,2,espn_runtime_history,RESULTS_ONLY_ESPN,ESPN,629447
2022-02-20,265,Primera División Chile,Primera División Chile,Universidad Católica,Curicó Unido,1,0,espn_runtime_history,RESULTS_ONLY_ESPN,ESPN,629444
2022-02-20,265,Primera División Chile,Primera División Chile,Unión La Calera,Cobresal,0,2,espn_runtime_history,RESULTS_ONLY_ESPN,ESPN,629443
2022-02-21,265,Primera División Chile,Primera División Chile,Ñublense,Universidad de Chile,3,2,espn_runtime_history,RESULTS_ONLY_ESPN,ESPN,629449
2022-02-25,265,Primera División Chile,Primera División Chile,Unión La Calera,Everton CD,1,1,espn_runtime_history,RESULTS_ONLY_ESPN,ESPN,629437
2022-02-26,265,Primera División Chile,Primera División Chile,Audax Italiano,Antofagasta,0,3,espn_runtime_history,RESULTS_ONLY_ESPN,ESPN,629434
2022-02-26,265,Primera División Chile,Primera División Chile,Cobresal,Ñublense,1,1,espn_runtime_history,RESULTS_ONLY_ESPN,ESPN,629441
2022-02-26,265,Primera División Chile,Primera División Chile,La Serena,Coquimbo Unido,1,1,espn_runtime_history,RESULTS_ONLY_ESPN,ESPN,629436
2022-02-27,265,Primera División Chile,Primera División Chile,Huachipato,Colo Colo,1,0,espn_runtime_history,RESULTS_ONLY_ESPN,ESPN,629435
2022-02-27,265,Primera División Chile,Primera División Chile,Palestino,Universidad Católica,3,2,espn_runtime_history,RESULTS_ONLY_ESPN,ESPN,629439
2022-02-28,265,Primera División Chile,Primera División Chile,Curicó Unido,Unión Española,0,1,espn_runtime_history,RESULTS_ONLY_ESPN,ESPN,629440
2022-02-28,265,Primera División Chile,Primera División Chile,Universidad de Chile,O'Higgins,0,1,espn_runtime_history,RESULTS_ONLY_ESPN,ESPN,629438
2022-03-04,265,Primera División Chile,Primera División Chile,Palestino,Unión La Calera,0,0,espn_runtime_history,RESULTS_ONLY_ESPN,ESPN,629433
2022-03-04,265,Primera División Chile,Primera División Chile,Ñublense,La Serena,3,1,espn_runtime_history,RESULTS_ONLY_ESPN,ESPN,629429
2022-03-05,265,Primera División Chile,Primera División Chile,Coquimbo Unido,Antofagasta,3,2,espn_runtime_history,RESULTS_ONLY_ESPN,ESPN,629426
2022-03-05,265,Primera División Chile,Primera División Chile,Everton CD,Curicó Unido,1,1,espn_runtime_history,RESULTS_ONLY_ESPN,ESPN,629428
2022-03-05,265,Primera División Chile,Primera División Chile,Unión Española,Huachipato,1,0,espn_runtime_history,RESULTS_ONLY_ESPN,ESPN,629430
2022-03-06,265,Primera División Chile,Primera División Chile,Cobresal,Universidad Católica,3,1,espn_runtime_history,RESULTS_ONLY_ESPN,ESPN,629431
2022-03-06,265,Primera División Chile,Primera División Chile,Colo Colo,Universidad de Chile,4,1,espn_runtime_history,RESULTS_ONLY_ESPN,ESPN,629432
2022-03-06,265,Primera División Chile,Primera División Chile,O'Higgins,Audax Italiano,2,2,espn_runtime_history,RESULTS_ONLY_ESPN,ESPN,629427
2022-03-11,265,Primera División Chile,Primera División Chile,La Serena,Cobresal,2,3,espn_runtime_history,RESULTS_ONLY_ESPN,ESPN,629418
2022-03-12,265,Primera División Chile,Primera División Chile,Coquimbo Unido,Ñublense,0,1,espn_runtime_history,RESULTS_ONLY_ESPN,ESPN,629425
2022-03-12,265,Primera División Chile,Primera División Chile,Universidad Católica,Everton CD,0,1,espn_runtime_history,RESULTS_ONLY_ESPN,ESPN,629420
2022-03-12,265,Primera División Chile,Primera División Chile,Unión La Calera,Huachipato,1,0,espn_runtime_history,RESULTS_ONLY_ESPN,ESPN,629423
2022-03-13,265,Primera División Chile,Primera División Chile,Audax Italiano,Palestino,3,1,espn_runtime_history,RESULTS_ONLY_ESPN,ESPN,629422
2022-03-13,265,Primera División Chile,Primera División Chile,Curicó Unido,O'Higgins,5,0,espn_runtime_history,RESULTS_ONLY_ESPN,ESPN,629421
2022-03-14,265,Primera División Chile,Primera División Chile,Antofagasta,Colo Colo,0,1,espn_runtime_history,RESULTS_ONLY_ESPN,ESPN,629419
2022-03-17,265,Primera División Chile,Primera División Chile,Universidad de Chile,Curicó Unido,1,1,espn_runtime_history,RESULTS_ONLY_ESPN,ESPN,629413
2022-03-19,265,Primera División Chile,Primera División Chile,Cobresal,Coquimbo Unido,2,1,espn_runtime_history,RESULTS_ONLY_ESPN,ESPN,629412
2022-03-19,265,Primera División Chile,Primera División Chile,O'Higgins,Universidad Católica,2,1,espn_runtime_history,RESULTS_ONLY_ESPN,ESPN,629415
2022-03-20,265,Primera División Chile,Primera División Chile,Everton CD,Audax Italiano,0,0,espn_runtime_history,RESULTS_ONLY_ESPN,ESPN,629410
2022-03-20,265,Primera División Chile,Primera División Chile,Huachipato,La Serena,2,3,espn_runtime_history,RESULTS_ONLY_ESPN,ESPN,629414
2022-03-20,265,Primera División Chile,Primera División Chile,Palestino,Colo Colo,0,5,espn_runtime_history,RESULTS_ONLY_ESPN,ESPN,629411
2022-03-21,265,Primera División Chile,Primera División Chile,Antofagasta,Unión La Calera,0,0,espn_runtime_history,RESULTS_ONLY_ESPN,ESPN,629416
2022-03-21,265,Primera División Chile,Primera División Chile,Unión Española,Ñublense,1,0,espn_runtime_history,RESULTS_ONLY_ESPN,ESPN,629417
2022-03-27,265,Primera División Chile,Primera División Chile,Universidad de Chile,Unión Española,2,0,espn_runtime_history,RESULTS_ONLY_ESPN,ESPN,629424
2022-03-31,265,Primera División Chile,Primera División Chile,Colo Colo,Unión La Calera,4,0,espn_runtime_history,RESULTS_ONLY_ESPN,ESPN,629409
2022-04-01,265,Primera División Chile,Primera División Chile,La Serena,Everton CD,1,3,espn_runtime_history,RESULTS_ONLY_ESPN,ESPN,629405
2022-04-01,265,Primera División Chile,Primera División Chile,O'Higgins,Coquimbo Unido,2,1,espn_runtime_history,RESULTS_ONLY_ESPN,ESPN,629404
2022-04-02,265,Primera División Chile,Primera División Chile,Universidad Católica,Universidad de Chile,2,1,espn_runtime_history,RESULTS_ONLY_ESPN,ESPN,629407
2022-04-02,265,Primera División Chile,Primera División Chile,Ñublense,Antofagasta,1,1,espn_runtime_history,RESULTS_ONLY_ESPN,ESPN,629402
2022-04-03,265,Primera División Chile,Primera División Chile,Audax Italiano,Unión Española,0,1,espn_runtime_history,RESULTS_ONLY_ESPN,ESPN,629408
2022-04-03,265,Primera División Chile,Primera División Chile,Huachipato,Cobresal,1,0,espn_runtime_history,RESULTS_ONLY_ESPN,ESPN,629403
2022-04-05,265,Primera División Chile,Primera División Chile,Curicó Unido,Palestino,0,0,espn_runtime_history,RESULTS_ONLY_ESPN,ESPN,629406
2022-04-09,265,Primera División Chile,Primera División Chile,Coquimbo Unido,Universidad de Chile,1,0,espn_runtime_history,RESULTS_ONLY_ESPN,ESPN,629400
2022-04-09,265,Primera División Chile,Primera División Chile,Everton CD,Huachipato,0,1,espn_runtime_history,RESULTS_ONLY_ESPN,ESPN,629399
2022-04-10,265,Primera División Chile,Primera División Chile,Cobresal,Audax Italiano,0,1,espn_runtime_history,RESULTS_ONLY_ESPN,ESPN,629394
2022-04-10,265,Primera División Chile,Primera División Chile,Palestino,Ñublense,1,1,espn_runtime_history,RESULTS_ONLY_ESPN,ESPN,629401
2022-04-10,265,Primera División Chile,Primera División Chile,Universidad Católica,La Serena,0,2,espn_runtime_history,RESULTS_ONLY_ESPN,ESPN,629397
2022-04-10,265,Primera División Chile,Primera División Chile,Unión Española,Colo Colo,2,1,espn_runtime_history,RESULTS_ONLY_ESPN,ESPN,629395
2022-04-11,265,Primera División Chile,Primera División Chile,Unión La Calera,Curicó Unido,0,0,espn_runtime_history,RESULTS_ONLY_ESPN,ESPN,629396
2022-04-15,265,Primera División Chile,Primera División Chile,La Serena,Unión Española,1,2,espn_runtime_history,RESULTS_ONLY_ESPN,ESPN,629393
2022-04-16,265,Primera División Chile,Primera División Chile,Audax Italiano,Coquimbo Unido,1,1,espn_runtime_history,RESULTS_ONLY_ESPN,ESPN,629388
2022-04-16,265,Primera División Chile,Primera División Chile,Universidad de Chile,Palestino,0,0,espn_runtime_history,RESULTS_ONLY_ESPN,ESPN,629391
2022-04-17,265,Primera División Chile,Primera División Chile,Colo Colo,Cobresal,2,1,espn_runtime_history,RESULTS_ONLY_ESPN,ESPN,629387
2022-04-17,265,Primera División Chile,Primera División Chile,Curicó Unido,Antofagasta,2,0,espn_runtime_history,RESULTS_ONLY_ESPN,ESPN,629386
2022-04-17,265,Primera División Chile,Primera División Chile,Huachipato,Universidad Católica,1,0,espn_runtime_history,RESULTS_ONLY_ESPN,ESPN,629392
2022-04-18,265,Primera División Chile,Primera División Chile,Ñublense,Everton CD,2,1,espn_runtime_history,RESULTS_ONLY_ESPN,ESPN,629389
2022-04-19,265,Primera División Chile,Primera División Chile,Unión La Calera,O'Higgins,0,0,espn_runtime_history,RESULTS_ONLY_ESPN,ESPN,629390
2022-04-23,265,Primera División Chile,Primera División Chile,Antofagasta,Huachipato,0,0,espn_runtime_history,RESULTS_ONLY_ESPN,ESPN,629382
2022-04-23,265,Primera División Chile,Primera División Chile,Everton CD,Palestino,0,0,espn_runtime_history,RESULTS_ONLY_ESPN,ESPN,629381
2022-04-23,265,Primera División Chile,Primera División Chile,La Serena,Curicó Unido,1,3,espn_runtime_history,RESULTS_ONLY_ESPN,ESPN,629380
2022-04-24,265,Primera División Chile,Primera División Chile,O'Higgins,Ñublense,1,0,espn_runtime_history,RESULTS_ONLY_ESPN,ESPN,629385
2022-04-24,265,Primera División Chile,Primera División Chile,Universidad Católica,Colo Colo,1,1,espn_runtime_history,RESULTS_ONLY_ESPN,ESPN,629379
2022-04-25,265,Primera División Chile,Primera División Chile,Coquimbo Unido,Unión La Calera,3,2,espn_runtime_history,RESULTS_ONLY_ESPN,ESPN,629384
2022-04-27,265,Primera División Chile,Primera División Chile,Unión Española,Cobresal,2,2,espn_runtime_history,RESULTS_ONLY_ESPN,ESPN,629378
2022-04-29,265,Primera División Chile,Primera División Chile,Audax Italiano,Universidad de Chile,2,0,espn_runtime_history,RESULTS_ONLY_ESPN,ESPN,629383
2022-04-30,265,Primera División Chile,Primera División Chile,Antofagasta,O'Higgins,1,0,espn_runtime_history,RESULTS_ONLY_ESPN,ESPN,629398
2022-05-07,265,Primera División Chile,Primera División Chile,O'Higgins,Unión Española,2,2,espn_runtime_history,RESULTS_ONLY_ESPN,ESPN,629377
2022-05-07,265,Primera División Chile,Primera División Chile,Universidad de Chile,La Serena,2,0,espn_runtime_history,RESULTS_ONLY_ESPN,ESPN,629374
2022-05-08,265,Primera División Chile,Primera División Chile,Palestino,Antofagasta,1,0,espn_runtime_history,RESULTS_ONLY_ESPN,ESPN,629370
2022-05-08,265,Primera División Chile,Primera División Chile,Ñublense,Universidad Católica,4,0,espn_runtime_history,RESULTS_ONLY_ESPN,ESPN,629376
2022-05-09,265,Primera División Chile,Primera División Chile,Cobresal,Everton CD,0,0,espn_runtime_history,RESULTS_ONLY_ESPN,ESPN,629373
2022-05-09,265,Primera División Chile,Primera División Chile,Coquimbo Unido,Huachipato,1,2,espn_runtime_history,RESULTS_ONLY_ESPN,ESPN,629375
2022-05-09,265,Primera División Chile,Primera División Chile,Curicó Unido,Colo Colo,1,2,espn_runtime_history,RESULTS_ONLY_ESPN,ESPN,629372
2022-05-10,265,Primera División Chile,Primera División Chile,Unión La Calera,Audax Italiano,1,0,espn_runtime_history,RESULTS_ONLY_ESPN,ESPN,629371
2022-05-13,265,Primera División Chile,Primera División Chile,Universidad Católica,Unión La Calera,3,0,espn_runtime_history,RESULTS_ONLY_ESPN,ESPN,629368
2022-05-14,265,Primera División Chile,Primera División Chile,Colo Colo,Coquimbo Unido,4,0,espn_runtime_history,RESULTS_ONLY_ESPN,ESPN,629364
2022-05-14,265,Primera División Chile,Primera División Chile,Everton CD,Universidad de Chile,2,1,espn_runtime_history,RESULTS_ONLY_ESPN,ESPN,629367
2022-05-14,265,Primera División Chile,Primera División Chile,La Serena,Palestino,0,0,espn_runtime_history,RESULTS_ONLY_ESPN,ESPN,629366
2022-05-14,265,Primera División Chile,Primera División Chile,Unión Española,Antofagasta,2,0,espn_runtime_history,RESULTS_ONLY_ESPN,ESPN,629362
2022-05-15,265,Primera División Chile,Primera División Chile,Cobresal,O'Higgins,2,0,espn_runtime_history,RESULTS_ONLY_ESPN,ESPN,629365
2022-05-15,265,Primera División Chile,Primera División Chile,Huachipato,Ñublense,1,3,espn_runtime_history,RESULTS_ONLY_ESPN,ESPN,629369
2022-05-17,265,Primera División Chile,Primera División Chile,Curicó Unido,Audax Italiano,4,1,espn_runtime_history,RESULTS_ONLY_ESPN,ESPN,629363
2022-05-20,265,Primera División Chile,Primera División Chile,Coquimbo Unido,Unión Española,2,4,espn_runtime_history,RESULTS_ONLY_ESPN,ESPN,629361
2022-05-21,265,Primera División Chile,Primera División Chile,Antofagasta,Everton CD,2,2,espn_runtime_history,RESULTS_ONLY_ESPN,ESPN,629357
2022-05-21,265,Primera División Chile,Primera División Chile,Audax Italiano,Universidad Católica,3,2,espn_runtime_history,RESULTS_ONLY_ESPN,ESPN,629360
2022-05-21,265,Primera División Chile,Primera División Chile,Universidad de Chile,Huachipato,3,2,espn_runtime_history,RESULTS_ONLY_ESPN,ESPN,629359
2022-05-22,265,Primera División Chile,Primera División Chile,O'Higgins,Colo Colo,1,1,espn_runtime_history,RESULTS_ONLY_ESPN,ESPN,629355
2022-05-22,265,Primera División Chile,Primera División Chile,Palestino,Cobresal,3,1,espn_runtime_history,RESULTS_ONLY_ESPN,ESPN,629354
2022-05-22,265,Primera División Chile,Primera División Chile,Unión La Calera,La Serena,1,1,espn_runtime_history,RESULTS_ONLY_ESPN,ESPN,629358
2022-05-23,265,Primera División Chile,Primera División Chile,Ñublense,Curicó Unido,3,1,espn_runtime_history,RESULTS_ONLY_ESPN,ESPN,629356
2022-05-28,265,Primera División Chile,Primera División Chile,Cobresal,Universidad de Chile,1,0,espn_runtime_history,RESULTS_ONLY_ESPN,ESPN,629351
2022-05-28,265,Primera División Chile,Primera División Chile,Curicó Unido,Coquimbo Unido,3,0,espn_runtime_history,RESULTS_ONLY_ESPN,ESPN,629348
2022-05-28,265,Primera División Chile,Primera División Chile,La Serena,Audax Italiano,3,2,espn_runtime_history,RESULTS_ONLY_ESPN,ESPN,629347
2022-05-29,265,Primera División Chile,Primera División Chile,Huachipato,Palestino,2,1,espn_runtime_history,RESULTS_ONLY_ESPN,ESPN,629350
2022-05-29,265,Primera División Chile,Primera División Chile,Universidad Católica,Antofagasta,1,0,espn_runtime_history,RESULTS_ONLY_ESPN,ESPN,629346
2022-05-30,265,Primera División Chile,Primera División Chile,Colo Colo,Ñublense,0,0,espn_runtime_history,RESULTS_ONLY_ESPN,ESPN,629353
2022-05-30,265,Primera División Chile,Primera División Chile,Unión Española,Unión La Calera,1,1,espn_runtime_history,RESULTS_ONLY_ESPN,ESPN,629352
2022-05-31,265,Primera División Chile,Primera División Chile,Everton CD,O'Higgins,0,0,espn_runtime_history,RESULTS_ONLY_ESPN,ESPN,629349
2022-06-30,265,Primera División Chile,Primera División Chile,Ñublense,Audax Italiano,1,2,espn_runtime_history,RESULTS_ONLY_ESPN,ESPN,629339
2022-07-01,265,Primera División Chile,Primera División Chile,Everton CD,Colo Colo,1,1,espn_runtime_history,RESULTS_ONLY_ESPN,ESPN,629340
2022-07-02,265,Primera División Chile,Primera División Chile,Palestino,Unión Española,1,0,espn_runtime_history,RESULTS_ONLY_ESPN,ESPN,629344
2022-07-02,265,Primera División Chile,Primera División Chile,Universidad de Chile,Unión La Calera,2,1,espn_runtime_history,RESULTS_ONLY_ESPN,ESPN,629345
2022-07-03,265,Primera División Chile,Primera División Chile,Huachipato,Curicó Unido,2,2,espn_runtime_history,RESULTS_ONLY_ESPN,ESPN,629342
2022-07-03,265,Primera División Chile,Primera División Chile,La Serena,O'Higgins,1,0,espn_runtime_history,RESULTS_ONLY_ESPN,ESPN,629343
2022-07-03,265,Primera División Chile,Primera División Chile,Universidad Católica,Coquimbo Unido,2,0,espn_runtime_history,RESULTS_ONLY_ESPN,ESPN,629341
2022-07-04,265,Primera División Chile,Primera División Chile,Cobresal,Antofagasta,2,1,espn_runtime_history,RESULTS_ONLY_ESPN,ESPN,629338
2022-07-09,265,Primera División Chile,Primera División Chile,Audax Italiano,Huachipato,1,1,espn_runtime_history,RESULTS_ONLY_ESPN,ESPN,629334
2022-07-09,265,Primera División Chile,Primera División Chile,Curicó Unido,Cobresal,1,0,espn_runtime_history,RESULTS_ONLY_ESPN,ESPN,629330
2022-07-09,265,Primera División Chile,Primera División Chile,O'Higgins,Palestino,1,2,espn_runtime_history,RESULTS_ONLY_ESPN,ESPN,629333
2022-07-10,265,Primera División Chile,Primera División Chile,Antofagasta,Universidad de Chile,1,1,espn_runtime_history,RESULTS_ONLY_ESPN,ESPN,629336
2022-07-10,265,Primera División Chile,Primera División Chile,Colo Colo,La Serena,3,0,espn_runtime_history,RESULTS_ONLY_ESPN,ESPN,629332
2022-07-10,265,Primera División Chile,Primera División Chile,Coquimbo Unido,Everton CD,1,1,espn_runtime_history,RESULTS_ONLY_ESPN,ESPN,629331
2022-07-11,265,Primera División Chile,Primera División Chile,Unión La Calera,Ñublense,2,2,espn_runtime_history,RESULTS_ONLY_ESPN,ESPN,629337
2022-07-16,265,Primera División Chile,Primera División Chile,Audax Italiano,Colo Colo,1,2,espn_runtime_history,RESULTS_ONLY_ESPN,ESPN,629323
2022-07-16,265,Primera División Chile,Primera División Chile,Cobresal,Unión La Calera,3,1,espn_runtime_history,RESULTS_ONLY_ESPN,ESPN,629328
2022-07-16,265,Primera División Chile,Primera División Chile,Palestino,Coquimbo Unido,5,1,espn_runtime_history,RESULTS_ONLY_ESPN,ESPN,629324
2022-07-17,265,Primera División Chile,Primera División Chile,Curicó Unido,Universidad Católica,3,2,espn_runtime_history,RESULTS_ONLY_ESPN,ESPN,629326
2022-07-17,265,Primera División Chile,Primera División Chile,Everton CD,Unión Española,2,1,espn_runtime_history,RESULTS_ONLY_ESPN,ESPN,629327
2022-07-17,265,Primera División Chile,Primera División Chile,La Serena,Antofagasta,0,1,espn_runtime_history,RESULTS_ONLY_ESPN,ESPN,629322
2022-07-17,265,Primera División Chile,Primera División Chile,Universidad de Chile,Ñublense,0,1,espn_runtime_history,RESULTS_ONLY_ESPN,ESPN,629329
2022-07-18,265,Primera División Chile,Primera División Chile,Huachipato,O'Higgins,1,2,espn_runtime_history,RESULTS_ONLY_ESPN,ESPN,629325
2022-07-22,265,Primera División Chile,Primera División Chile,Ñublense,Cobresal,3,2,espn_runtime_history,RESULTS_ONLY_ESPN,ESPN,629315
2022-07-23,265,Primera División Chile,Primera División Chile,Antofagasta,Audax Italiano,2,3,espn_runtime_history,RESULTS_ONLY_ESPN,ESPN,629314
2022-07-23,265,Primera División Chile,Primera División Chile,Colo Colo,Huachipato,1,0,espn_runtime_history,RESULTS_ONLY_ESPN,ESPN,629319
2022-07-23,265,Primera División Chile,Primera División Chile,Coquimbo Unido,La Serena,2,0,espn_runtime_history,RESULTS_ONLY_ESPN,ESPN,629317
2022-07-24,265,Primera División Chile,Primera División Chile,Everton CD,Unión La Calera,0,1,espn_runtime_history,RESULTS_ONLY_ESPN,ESPN,629321
2022-07-24,265,Primera División Chile,Primera División Chile,O'Higgins,Universidad de Chile,1,0,espn_runtime_history,RESULTS_ONLY_ESPN,ESPN,629320
2022-07-24,265,Primera División Chile,Primera División Chile,Universidad Católica,Palestino,0,1,espn_runtime_history,RESULTS_ONLY_ESPN,ESPN,629318
2022-07-25,265,Primera División Chile,Primera División Chile,Unión Española,Curicó Unido,1,3,espn_runtime_history,RESULTS_ONLY_ESPN,ESPN,629316
2022-07-29,265,Primera División Chile,Primera División Chile,Huachipato,Unión Española,2,5,espn_runtime_history,RESULTS_ONLY_ESPN,ESPN,629312
2022-07-30,265,Primera División Chile,Primera División Chile,Antofagasta,Coquimbo Unido,2,1,espn_runtime_history,RESULTS_ONLY_ESPN,ESPN,629308
2022-07-30,265,Primera División Chile,Primera División Chile,La Serena,Ñublense,3,0,espn_runtime_history,RESULTS_ONLY_ESPN,ESPN,629313
2022-07-30,265,Primera División Chile,Primera División Chile,Universidad Católica,Cobresal,1,0,espn_runtime_history,RESULTS_ONLY_ESPN,ESPN,629306
2022-07-30,265,Primera División Chile,Primera División Chile,Unión La Calera,Palestino,2,2,espn_runtime_history,RESULTS_ONLY_ESPN,ESPN,629311
2022-07-31,265,Primera División Chile,Primera División Chile,Audax Italiano,O'Higgins,2,1,espn_runtime_history,RESULTS_ONLY_ESPN,ESPN,629310
2022-07-31,265,Primera División Chile,Primera División Chile,Curicó Unido,Everton CD,0,4,espn_runtime_history,RESULTS_ONLY_ESPN,ESPN,629309
2022-07-31,265,Primera División Chile,Primera División Chile,Universidad de Chile,Colo Colo,1,3,espn_runtime_history,RESULTS_ONLY_ESPN,ESPN,629307
2022-08-06,265,Primera División Chile,Primera División Chile,Cobresal,La Serena,1,1,espn_runtime_history,RESULTS_ONLY_ESPN,ESPN,629302
2022-08-06,265,Primera División Chile,Primera División Chile,Everton CD,Universidad Católica,1,1,espn_runtime_history,RESULTS_ONLY_ESPN,ESPN,629303
2022-08-06,265,Primera División Chile,Primera División Chile,O'Higgins,Curicó Unido,0,0,espn_runtime_history,RESULTS_ONLY_ESPN,ESPN,629301
2022-08-07,265,Primera División Chile,Primera División Chile,Colo Colo,Antofagasta,1,0,espn_runtime_history,RESULTS_ONLY_ESPN,ESPN,629298
2022-08-07,265,Primera División Chile,Primera División Chile,Palestino,Audax Italiano,3,3,espn_runtime_history,RESULTS_ONLY_ESPN,ESPN,629299
2022-08-07,265,Primera División Chile,Primera División Chile,Unión Española,Universidad de Chile,1,1,espn_runtime_history,RESULTS_ONLY_ESPN,ESPN,629304
2022-08-08,265,Primera División Chile,Primera División Chile,Huachipato,Unión La Calera,3,4,espn_runtime_history,RESULTS_ONLY_ESPN,ESPN,629305
2022-08-08,265,Primera División Chile,Primera División Chile,Ñublense,Coquimbo Unido,2,1,espn_runtime_history,RESULTS_ONLY_ESPN,ESPN,629300
2022-08-12,265,Primera División Chile,Primera División Chile,Universidad Católica,O'Higgins,2,2,espn_runtime_history,RESULTS_ONLY_ESPN,ESPN,629293
2022-08-13,265,Primera División Chile,Primera División Chile,Audax Italiano,Everton CD,1,0,espn_runtime_history,RESULTS_ONLY_ESPN,ESPN,629292
2022-08-13,265,Primera División Chile,Primera División Chile,Coquimbo Unido,Cobresal,3,1,espn_runtime_history,RESULTS_ONLY_ESPN,ESPN,629291
2022-08-13,265,Primera División Chile,Primera División Chile,Curicó Unido,Universidad de Chile,3,1,espn_runtime_history,RESULTS_ONLY_ESPN,ESPN,629296
2022-08-14,265,Primera División Chile,Primera División Chile,Colo Colo,Palestino,1,0,espn_runtime_history,RESULTS_ONLY_ESPN,ESPN,629294
2022-08-14,265,Primera División Chile,Primera División Chile,La Serena,Huachipato,0,1,espn_runtime_history,RESULTS_ONLY_ESPN,ESPN,629295
2022-08-14,265,Primera División Chile,Primera División Chile,Unión La Calera,Antofagasta,1,1,espn_runtime_history,RESULTS_ONLY_ESPN,ESPN,629290
2022-08-15,265,Primera División Chile,Primera División Chile,Ñublense,Unión Española,1,2,espn_runtime_history,RESULTS_ONLY_ESPN,ESPN,629297
2022-08-27,265,Primera División Chile,Primera División Chile,Coquimbo Unido,O'Higgins,0,1,espn_runtime_history,RESULTS_ONLY_ESPN,ESPN,629286
2022-08-27,265,Primera División Chile,Primera División Chile,Everton CD,La Serena,4,0,espn_runtime_history,RESULTS_ONLY_ESPN,ESPN,629285
2022-08-27,265,Primera División Chile,Primera División Chile,Palestino,Curicó Unido,2,1,espn_runtime_history,RESULTS_ONLY_ESPN,ESPN,629284
2022-08-27,265,Primera División Chile,Primera División Chile,Universidad de Chile,Universidad Católica,0,3,espn_runtime_history,RESULTS_ONLY_ESPN,ESPN,629288
2022-08-28,265,Primera División Chile,Primera División Chile,Antofagasta,Ñublense,1,0,espn_runtime_history,RESULTS_ONLY_ESPN,ESPN,629289
2022-08-28,265,Primera División Chile,Primera División Chile,Cobresal,Huachipato,2,0,espn_runtime_history,RESULTS_ONLY_ESPN,ESPN,629287
2022-08-28,265,Primera División Chile,Primera División Chile,Unión La Calera,Colo Colo,2,1,espn_runtime_history,RESULTS_ONLY_ESPN,ESPN,629283
2022-08-29,265,Primera División Chile,Primera División Chile,Unión Española,Audax Italiano,2,3,espn_runtime_history,RESULTS_ONLY_ESPN,ESPN,629282
2022-09-07,265,Primera División Chile,Primera División Chile,Universidad de Chile,Coquimbo Unido,0,0,espn_runtime_history,RESULTS_ONLY_ESPN,ESPN,629276
2022-09-08,265,Primera División Chile,Primera División Chile,Audax Italiano,Cobresal,2,2,espn_runtime_history,RESULTS_ONLY_ESPN,ESPN,629275
2022-09-08,265,Primera División Chile,Primera División Chile,Colo Colo,Unión Española,4,0,espn_runtime_history,RESULTS_ONLY_ESPN,ESPN,629280
2022-09-09,265,Primera División Chile,Primera División Chile,Curicó Unido,Unión La Calera,2,0,espn_runtime_history,RESULTS_ONLY_ESPN,ESPN,629281
2022-09-09,265,Primera División Chile,Primera División Chile,O'Higgins,Antofagasta,1,0,espn_runtime_history,RESULTS_ONLY_ESPN,ESPN,629274
2022-09-10,265,Primera División Chile,Primera División Chile,Huachipato,Everton CD,1,1,espn_runtime_history,RESULTS_ONLY_ESPN,ESPN,629277
2022-09-10,265,Primera División Chile,Primera División Chile,La Serena,Universidad Católica,0,4,espn_runtime_history,RESULTS_ONLY_ESPN,ESPN,629279
2022-09-10,265,Primera División Chile,Primera División Chile,Ñublense,Palestino,2,0,espn_runtime_history,RESULTS_ONLY_ESPN,ESPN,629278
2022-09-13,265,Primera División Chile,Primera División Chile,Coquimbo Unido,Audax Italiano,0,1,espn_runtime_history,RESULTS_ONLY_ESPN,ESPN,629266
2022-09-13,265,Primera División Chile,Primera División Chile,O'Higgins,Unión La Calera,2,2,espn_runtime_history,RESULTS_ONLY_ESPN,ESPN,629272
2022-09-14,265,Primera División Chile,Primera División Chile,Cobresal,Colo Colo,0,2,espn_runtime_history,RESULTS_ONLY_ESPN,ESPN,629267
2022-09-14,265,Primera División Chile,Primera División Chile,Everton CD,Ñublense,1,1,espn_runtime_history,RESULTS_ONLY_ESPN,ESPN,629273
2022-09-14,265,Primera División Chile,Primera División Chile,Universidad Católica,Huachipato,1,0,espn_runtime_history,RESULTS_ONLY_ESPN,ESPN,629270
2022-09-14,265,Primera División Chile,Primera División Chile,Unión Española,La Serena,0,1,espn_runtime_history,RESULTS_ONLY_ESPN,ESPN,629269
2022-09-15,265,Primera División Chile,Primera División Chile,Antofagasta,Curicó Unido,0,0,espn_runtime_history,RESULTS_ONLY_ESPN,ESPN,629268
2022-09-15,265,Primera División Chile,Primera División Chile,Palestino,Universidad de Chile,1,2,espn_runtime_history,RESULTS_ONLY_ESPN,ESPN,629271
2022-09-30,265,Primera División Chile,Primera División Chile,Unión La Calera,Coquimbo Unido,2,0,espn_runtime_history,RESULTS_ONLY_ESPN,ESPN,629260
2022-10-01,265,Primera División Chile,Primera División Chile,Curicó Unido,La Serena,1,0,espn_runtime_history,RESULTS_ONLY_ESPN,ESPN,629262
2022-10-01,265,Primera División Chile,Primera División Chile,Huachipato,Antofagasta,1,0,espn_runtime_history,RESULTS_ONLY_ESPN,ESPN,629258
2022-10-01,265,Primera División Chile,Primera División Chile,Palestino,Everton CD,1,4,espn_runtime_history,RESULTS_ONLY_ESPN,ESPN,629261
2022-10-02,265,Primera División Chile,Primera División Chile,Cobresal,Unión Española,2,0,espn_runtime_history,RESULTS_ONLY_ESPN,ESPN,629265
2022-10-02,265,Primera División Chile,Primera División Chile,Ñublense,O'Higgins,2,2,espn_runtime_history,RESULTS_ONLY_ESPN,ESPN,629263
2022-10-03,265,Primera División Chile,Primera División Chile,Universidad de Chile,Audax Italiano,2,3,espn_runtime_history,RESULTS_ONLY_ESPN,ESPN,629259
2022-10-04,265,Primera División Chile,Primera División Chile,Colo Colo,Universidad Católica,0,0,espn_runtime_history,RESULTS_ONLY_ESPN,ESPN,629264
2022-10-07,265,Primera División Chile,Primera División Chile,Huachipato,Coquimbo Unido,0,1,espn_runtime_history,RESULTS_ONLY_ESPN,ESPN,629251
2022-10-08,265,Primera División Chile,Primera División Chile,Universidad Católica,Ñublense,2,2,espn_runtime_history,RESULTS_ONLY_ESPN,ESPN,629257
2022-10-08,265,Primera División Chile,Primera División Chile,Unión Española,O'Higgins,0,0,espn_runtime_history,RESULTS_ONLY_ESPN,ESPN,629253
2022-10-09,265,Primera División Chile,Primera División Chile,Colo Colo,Curicó Unido,1,1,espn_runtime_history,RESULTS_ONLY_ESPN,ESPN,629252
2022-10-09,265,Primera División Chile,Primera División Chile,Everton CD,Cobresal,3,3,espn_runtime_history,RESULTS_ONLY_ESPN,ESPN,629250
2022-10-09,265,Primera División Chile,Primera División Chile,La Serena,Universidad de Chile,1,2,espn_runtime_history,RESULTS_ONLY_ESPN,ESPN,629255
2022-10-10,265,Primera División Chile,Primera División Chile,Audax Italiano,Unión La Calera,0,2,espn_runtime_history,RESULTS_ONLY_ESPN,ESPN,629256
2022-10-15,265,Primera División Chile,Primera División Chile,Antofagasta,Palestino,0,3,espn_runtime_history,RESULTS_ONLY_ESPN,ESPN,629254
2022-10-19,265,Primera División Chile,Primera División Chile,Unión Española,Universidad Católica,1,2,espn_runtime_history,RESULTS_ONLY_ESPN,ESPN,629335
2022-10-21,265,Primera División Chile,Primera División Chile,O'Higgins,Cobresal,1,0,espn_runtime_history,RESULTS_ONLY_ESPN,ESPN,629242
2022-10-22,265,Primera División Chile,Primera División Chile,Universidad de Chile,Everton CD,1,1,espn_runtime_history,RESULTS_ONLY_ESPN,ESPN,629245
2022-10-22,265,Primera División Chile,Primera División Chile,Ñublense,Huachipato,2,0,espn_runtime_history,RESULTS_ONLY_ESPN,ESPN,629247
2022-10-23,265,Primera División Chile,Primera División Chile,Antofagasta,Unión Española,2,0,espn_runtime_history,RESULTS_ONLY_ESPN,ESPN,629249
2022-10-23,265,Primera División Chile,Primera División Chile,Coquimbo Unido,Colo Colo,0,2,espn_runtime_history,RESULTS_ONLY_ESPN,ESPN,629243
2022-10-23,265,Primera División Chile,Primera División Chile,Palestino,La Serena,5,0,espn_runtime_history,RESULTS_ONLY_ESPN,ESPN,629246
2022-10-23,265,Primera División Chile,Primera División Chile,Unión La Calera,Universidad Católica,4,0,espn_runtime_history,RESULTS_ONLY_ESPN,ESPN,629248
2022-10-24,265,Primera División Chile,Primera División Chile,Audax Italiano,Curicó Unido,1,1,espn_runtime_history,RESULTS_ONLY_ESPN,ESPN,629244
2022-10-29,265,Primera División Chile,Primera División Chile,Cobresal,Palestino,1,0,espn_runtime_history,RESULTS_ONLY_ESPN,ESPN,629238
2022-10-30,265,Primera División Chile,Primera División Chile,Colo Colo,O'Higgins,2,0,espn_runtime_history,RESULTS_ONLY_ESPN,ESPN,629237
2022-10-30,265,Primera División Chile,Primera División Chile,Everton CD,Antofagasta,3,0,espn_runtime_history,RESULTS_ONLY_ESPN,ESPN,629234
2022-10-30,265,Primera División Chile,Primera División Chile,Huachipato,Universidad de Chile,4,0,espn_runtime_history,RESULTS_ONLY_ESPN,ESPN,629239
2022-10-30,265,Primera División Chile,Primera División Chile,La Serena,Unión La Calera,2,1,espn_runtime_history,RESULTS_ONLY_ESPN,ESPN,629240
2022-10-30,265,Primera División Chile,Primera División Chile,Unión Española,Coquimbo Unido,1,3,espn_runtime_history,RESULTS_ONLY_ESPN,ESPN,629236
2022-10-31,265,Primera División Chile,Primera División Chile,Curicó Unido,Ñublense,1,2,espn_runtime_history,RESULTS_ONLY_ESPN,ESPN,629241
2022-10-31,265,Primera División Chile,Primera División Chile,Universidad Católica,Audax Italiano,0,0,espn_runtime_history,RESULTS_ONLY_ESPN,ESPN,629235
2022-11-05,265,Primera División Chile,Primera División Chile,O'Higgins,Everton CD,2,0,espn_runtime_history,RESULTS_ONLY_ESPN,ESPN,629229
2022-11-05,265,Primera División Chile,Primera División Chile,Palestino,Huachipato,5,0,espn_runtime_history,RESULTS_ONLY_ESPN,ESPN,629231
2022-11-05,265,Primera División Chile,Primera División Chile,Universidad de Chile,Cobresal,3,4,espn_runtime_history,RESULTS_ONLY_ESPN,ESPN,629226
2022-11-06,265,Primera División Chile,Primera División Chile,Antofagasta,Universidad Católica,0,2,espn_runtime_history,RESULTS_ONLY_ESPN,ESPN,629232
2022-11-06,265,Primera División Chile,Primera División Chile,Audax Italiano,La Serena,3,0,espn_runtime_history,RESULTS_ONLY_ESPN,ESPN,629230
2022-11-06,265,Primera División Chile,Primera División Chile,Coquimbo Unido,Curicó Unido,1,1,espn_runtime_history,RESULTS_ONLY_ESPN,ESPN,629228
2022-11-06,265,Primera División Chile,Primera División Chile,Unión La Calera,Unión Española,2,1,espn_runtime_history,RESULTS_ONLY_ESPN,ESPN,629233
2022-11-06,265,Primera División Chile,Primera División Chile,Ñublense,Colo Colo,1,1,espn_runtime_history,RESULTS_ONLY_ESPN,ESPN,629227
2023-01-20,265,Primera División Chile,Primera División Chile,Magallanes,O'Higgins,0,1,espn_runtime_history,RESULTS_ONLY_ESPN,ESPN,660310
2023-01-20,265,Primera División Chile,Primera División Chile,Unión Española,Ñublense,0,1,espn_runtime_history,RESULTS_ONLY_ESPN,ESPN,660313
2023-01-21,265,Primera División Chile,Primera División Chile,Cobresal,Unión La Calera,3,1,espn_runtime_history,RESULTS_ONLY_ESPN,ESPN,660306
2023-01-21,265,Primera División Chile,Primera División Chile,Palestino,Audax Italiano,1,1,espn_runtime_history,RESULTS_ONLY_ESPN,ESPN,660311
2023-01-22,265,Primera División Chile,Primera División Chile,Copiapó,Colo Colo,2,5,espn_runtime_history,RESULTS_ONLY_ESPN,ESPN,660308
2023-01-22,265,Primera División Chile,Primera División Chile,Everton CD,Universidad Católica,0,3,espn_runtime_history,RESULTS_ONLY_ESPN,ESPN,660309
2023-01-23,265,Primera División Chile,Primera División Chile,Curicó Unido,Coquimbo Unido,1,0,espn_runtime_history,RESULTS_ONLY_ESPN,ESPN,660307
2023-01-23,265,Primera División Chile,Primera División Chile,Universidad de Chile,Huachipato,1,3,espn_runtime_history,RESULTS_ONLY_ESPN,ESPN,660312
2023-01-27,265,Primera División Chile,Primera División Chile,Ñublense,Magallanes,3,2,espn_runtime_history,RESULTS_ONLY_ESPN,ESPN,660321
2023-01-28,265,Primera División Chile,Primera División Chile,Coquimbo Unido,Palestino,1,1,espn_runtime_history,RESULTS_ONLY_ESPN,ESPN,660315
2023-01-28,265,Primera División Chile,Primera División Chile,Universidad Católica,Curicó Unido,3,1,espn_runtime_history,RESULTS_ONLY_ESPN,ESPN,660318
2023-01-28,265,Primera División Chile,Primera División Chile,Universidad de Chile,Unión Española,1,0,espn_runtime_history,RESULTS_ONLY_ESPN,ESPN,660319
2023-01-28,265,Primera División Chile,Primera División Chile,Unión La Calera,Everton CD,3,2,espn_runtime_history,RESULTS_ONLY_ESPN,ESPN,660320
2023-01-29,265,Primera División Chile,Primera División Chile,Audax Italiano,Copiapó,3,0,espn_runtime_history,RESULTS_ONLY_ESPN,ESPN,660314
2023-01-29,265,Primera División Chile,Primera División Chile,Huachipato,Cobresal,2,1,espn_runtime_history,RESULTS_ONLY_ESPN,ESPN,660316
2023-01-29,265,Primera División Chile,Primera División Chile,O'Higgins,Colo Colo,5,1,espn_runtime_history,RESULTS_ONLY_ESPN,ESPN,660317
2023-02-03,265,Primera División Chile,Primera División Chile,Coquimbo Unido,Universidad Católica,2,1,espn_runtime_history,RESULTS_ONLY_ESPN,ESPN,660324
2023-02-04,265,Primera División Chile,Primera División Chile,Curicó Unido,Audax Italiano,2,1,espn_runtime_history,RESULTS_ONLY_ESPN,ESPN,660325
2023-02-04,265,Primera División Chile,Primera División Chile,Magallanes,Unión La Calera,1,1,espn_runtime_history,RESULTS_ONLY_ESPN,ESPN,660326
2023-02-04,265,Primera División Chile,Primera División Chile,Unión Española,Everton CD,1,1,espn_runtime_history,RESULTS_ONLY_ESPN,ESPN,660329
2023-02-05,265,Primera División Chile,Primera División Chile,Cobresal,Copiapó,1,0,espn_runtime_history,RESULTS_ONLY_ESPN,ESPN,660322
2023-02-05,265,Primera División Chile,Primera División Chile,Palestino,Universidad de Chile,2,0,espn_runtime_history,RESULTS_ONLY_ESPN,ESPN,660328
2023-02-06,265,Primera División Chile,Primera División Chile,O'Higgins,Huachipato,0,1,espn_runtime_history,RESULTS_ONLY_ESPN,ESPN,660327
2023-02-10,265,Primera División Chile,Primera División Chile,Audax Italiano,Unión Española,1,1,espn_runtime_history,RESULTS_ONLY_ESPN,ESPN,660330
2023-02-11,265,Primera División Chile,Primera División Chile,Copiapó,Palestino,1,3,espn_runtime_history,RESULTS_ONLY_ESPN,ESPN,660331
2023-02-11,265,Primera División Chile,Primera División Chile,Everton CD,Coquimbo Unido,2,0,espn_runtime_history,RESULTS_ONLY_ESPN,ESPN,660332
2023-02-11,265,Primera División Chile,Primera División Chile,Universidad de Chile,Magallanes,2,1,espn_runtime_history,RESULTS_ONLY_ESPN,ESPN,660335
2023-02-11,265,Primera División Chile,Primera División Chile,Unión La Calera,Curicó Unido,3,2,espn_runtime_history,RESULTS_ONLY_ESPN,ESPN,660336
2023-02-12,265,Primera División Chile,Primera División Chile,Universidad Católica,Cobresal,3,3,espn_runtime_history,RESULTS_ONLY_ESPN,ESPN,660334
2023-02-13,265,Primera División Chile,Primera División Chile,Colo Colo,Ñublense,1,0,espn_runtime_history,RESULTS_ONLY_ESPN,ESPN,660323
2023-02-16,265,Primera División Chile,Primera División Chile,Curicó Unido,Copiapó,1,2,espn_runtime_history,RESULTS_ONLY_ESPN,ESPN,660342
2023-02-17,265,Primera División Chile,Primera División Chile,Unión Española,Magallanes,1,2,espn_runtime_history,RESULTS_ONLY_ESPN,ESPN,660345
2023-02-18,265,Primera División Chile,Primera División Chile,Audax Italiano,Universidad Católica,1,2,espn_runtime_history,RESULTS_ONLY_ESPN,ESPN,660338
2023-02-18,265,Primera División Chile,Primera División Chile,Cobresal,Ñublense,1,1,espn_runtime_history,RESULTS_ONLY_ESPN,ESPN,660339
2023-02-18,265,Primera División Chile,Primera División Chile,Coquimbo Unido,Huachipato,1,2,espn_runtime_history,RESULTS_ONLY_ESPN,ESPN,660341
2023-02-19,265,Primera División Chile,Primera División Chile,Colo Colo,Everton CD,1,1,espn_runtime_history,RESULTS_ONLY_ESPN,ESPN,660340
2023-02-19,265,Primera División Chile,Primera División Chile,O'Higgins,Universidad de Chile,0,1,espn_runtime_history,RESULTS_ONLY_ESPN,ESPN,660343
2023-02-20,265,Primera División Chile,Primera División Chile,Palestino,Unión La Calera,1,1,espn_runtime_history,RESULTS_ONLY_ESPN,ESPN,660344
2023-02-24,265,Primera División Chile,Primera División Chile,Curicó Unido,Universidad de Chile,1,3,espn_runtime_history,RESULTS_ONLY_ESPN,ESPN,660347
2023-02-25,265,Primera División Chile,Primera División Chile,Universidad Católica,Palestino,5,2,espn_runtime_history,RESULTS_ONLY_ESPN,ESPN,660352
2023-02-26,265,Primera División Chile,Primera División Chile,Colo Colo,Coquimbo Unido,2,3,espn_runtime_history,RESULTS_ONLY_ESPN,ESPN,660346
2023-02-26,265,Primera División Chile,Primera División Chile,Magallanes,Cobresal,2,1,espn_runtime_history,RESULTS_ONLY_ESPN,ESPN,660351
2023-02-26,265,Primera División Chile,Primera División Chile,Unión La Calera,Ñublense,1,1,espn_runtime_history,RESULTS_ONLY_ESPN,ESPN,660353
2023-02-27,265,Primera División Chile,Primera División Chile,Copiapó,O'Higgins,2,2,espn_runtime_history,RESULTS_ONLY_ESPN,ESPN,660348
2023-02-27,265,Primera División Chile,Primera División Chile,Everton CD,Audax Italiano,3,1,espn_runtime_history,RESULTS_ONLY_ESPN,ESPN,660349
2023-03-02,265,Primera División Chile,Primera División Chile,Universidad de Chile,Unión La Calera,1,1,espn_runtime_history,RESULTS_ONLY_ESPN,ESPN,660359
2023-03-03,265,Primera División Chile,Primera División Chile,Coquimbo Unido,Audax Italiano,3,1,espn_runtime_history,RESULTS_ONLY_ESPN,ESPN,660355
2023-03-03,265,Primera División Chile,Primera División Chile,Palestino,Huachipato,2,1,espn_runtime_history,RESULTS_ONLY_ESPN,ESPN,660358
2023-03-03,265,Primera División Chile,Primera División Chile,Ñublense,Universidad Católica,1,2,espn_runtime_history,RESULTS_ONLY_ESPN,ESPN,660361
2023-03-04,265,Primera División Chile,Primera División Chile,O'Higgins,Curicó Unido,2,2,espn_runtime_history,RESULTS_ONLY_ESPN,ESPN,660357
2023-03-04,265,Primera División Chile,Primera División Chile,Unión Española,Copiapó,3,0,espn_runtime_history,RESULTS_ONLY_ESPN,ESPN,660360
2023-03-05,265,Primera División Chile,Primera División Chile,Cobresal,Everton CD,3,2,espn_runtime_history,RESULTS_ONLY_ESPN,ESPN,660354
2023-03-05,265,Primera División Chile,Primera División Chile,Colo Colo,Magallanes,2,0,espn_runtime_history,RESULTS_ONLY_ESPN,ESPN,660475
2023-03-10,265,Primera División Chile,Primera División Chile,Copiapó,Unión La Calera,0,0,espn_runtime_history,RESULTS_ONLY_ESPN,ESPN,660366
2023-03-11,265,Primera División Chile,Primera División Chile,Curicó Unido,Huachipato,1,3,espn_runtime_history,RESULTS_ONLY_ESPN,ESPN,660365
2023-03-11,265,Primera División Chile,Primera División Chile,Everton CD,Ñublense,1,0,espn_runtime_history,RESULTS_ONLY_ESPN,ESPN,660367
2023-03-12,265,Primera División Chile,Primera División Chile,Colo Colo,Universidad de Chile,0,0,espn_runtime_history,RESULTS_ONLY_ESPN,ESPN,660363
2023-03-12,265,Primera División Chile,Primera División Chile,Universidad Católica,Unión Española,2,2,espn_runtime_history,RESULTS_ONLY_ESPN,ESPN,660369
2023-03-13,265,Primera División Chile,Primera División Chile,Audax Italiano,O'Higgins,2,2,espn_runtime_history,RESULTS_ONLY_ESPN,ESPN,660362
2023-03-13,265,Primera División Chile,Primera División Chile,Coquimbo Unido,Cobresal,0,3,espn_runtime_history,RESULTS_ONLY_ESPN,ESPN,660364
2023-03-17,265,Primera División Chile,Primera División Chile,Ñublense,Curicó Unido,1,2,espn_runtime_history,RESULTS_ONLY_ESPN,ESPN,660377
2023-03-18,265,Primera División Chile,Primera División Chile,Cobresal,Colo Colo,3,1,espn_runtime_history,RESULTS_ONLY_ESPN,ESPN,660370
2023-03-18,265,Primera División Chile,Primera División Chile,Huachipato,Everton CD,3,0,espn_runtime_history,RESULTS_ONLY_ESPN,ESPN,660371
2023-03-18,265,Primera División Chile,Primera División Chile,O'Higgins,Coquimbo Unido,0,2,espn_runtime_history,RESULTS_ONLY_ESPN,ESPN,660373
2023-03-18,265,Primera División Chile,Primera División Chile,Unión La Calera,Audax Italiano,0,0,espn_runtime_history,RESULTS_ONLY_ESPN,ESPN,660376
2023-03-19,265,Primera División Chile,Primera División Chile,Magallanes,Universidad Católica,1,1,espn_runtime_history,RESULTS_ONLY_ESPN,ESPN,660372
2023-03-19,265,Primera División Chile,Primera División Chile,Universidad de Chile,Copiapó,0,0,espn_runtime_history,RESULTS_ONLY_ESPN,ESPN,660374
2023-03-19,265,Primera División Chile,Primera División Chile,Unión Española,Palestino,2,0,espn_runtime_history,RESULTS_ONLY_ESPN,ESPN,660375
2023-03-31,265,Primera División Chile,Primera División Chile,Ñublense,O'Higgins,2,1,espn_runtime_history,RESULTS_ONLY_ESPN,ESPN,660337
2023-04-01,265,Primera División Chile,Primera División Chile,Huachipato,Colo Colo,0,1,espn_runtime_history,RESULTS_ONLY_ESPN,ESPN,660333
2023-04-01,265,Primera División Chile,Primera División Chile,Palestino,Magallanes,3,2,espn_runtime_history,RESULTS_ONLY_ESPN,ESPN,660368
2023-04-05,265,Primera División Chile,Primera División Chile,Huachipato,Unión Española,1,0,espn_runtime_history,RESULTS_ONLY_ESPN,ESPN,660350
2023-04-14,265,Primera División Chile,Primera División Chile,Palestino,Cobresal,1,5,espn_runtime_history,RESULTS_ONLY_ESPN,ESPN,660385
2023-04-14,265,Primera División Chile,Primera División Chile,Ñublense,Coquimbo Unido,1,3,espn_runtime_history,RESULTS_ONLY_ESPN,ESPN,660505
2023-04-15,265,Primera División Chile,Primera División Chile,Everton CD,Magallanes,2,0,espn_runtime_history,RESULTS_ONLY_ESPN,ESPN,660384
2023-04-15,265,Primera División Chile,Primera División Chile,Universidad Católica,Colo Colo,0,0,espn_runtime_history,RESULTS_ONLY_ESPN,ESPN,660380
2023-04-16,265,Primera División Chile,Primera División Chile,Audax Italiano,Universidad de Chile,1,2,espn_runtime_history,RESULTS_ONLY_ESPN,ESPN,660378
2023-04-16,265,Primera División Chile,Primera División Chile,Copiapó,Huachipato,1,1,espn_runtime_history,RESULTS_ONLY_ESPN,ESPN,660383
2023-04-17,265,Primera División Chile,Primera División Chile,Unión La Calera,O'Higgins,0,1,espn_runtime_history,RESULTS_ONLY_ESPN,ESPN,660379
2023-04-18,265,Primera División Chile,Primera División Chile,Curicó Unido,Unión Española,0,1,espn_runtime_history,RESULTS_ONLY_ESPN,ESPN,660382
2023-04-22,265,Primera División Chile,Primera División Chile,Everton CD,Universidad de Chile,1,2,espn_runtime_history,RESULTS_ONLY_ESPN,ESPN,660390
2023-04-22,265,Primera División Chile,Primera División Chile,Huachipato,Unión La Calera,2,3,espn_runtime_history,RESULTS_ONLY_ESPN,ESPN,660391
2023-04-23,265,Primera División Chile,Primera División Chile,Cobresal,Curicó Unido,2,0,espn_runtime_history,RESULTS_ONLY_ESPN,ESPN,660388
2023-04-23,265,Primera División Chile,Primera División Chile,Colo Colo,Palestino,3,1,espn_runtime_history,RESULTS_ONLY_ESPN,ESPN,660387
2023-04-23,265,Primera División Chile,Primera División Chile,Magallanes,Copiapó,0,2,espn_runtime_history,RESULTS_ONLY_ESPN,ESPN,660392
2023-04-23,265,Primera División Chile,Primera División Chile,Universidad Católica,O'Higgins,0,1,espn_runtime_history,RESULTS_ONLY_ESPN,ESPN,660393
2023-04-24,265,Primera División Chile,Primera División Chile,Unión Española,Coquimbo Unido,2,0,espn_runtime_history,RESULTS_ONLY_ESPN,ESPN,660389
2023-04-25,265,Primera División Chile,Primera División Chile,Ñublense,Audax Italiano,2,5,espn_runtime_history,RESULTS_ONLY_ESPN,ESPN,660386
2023-04-28,265,Primera División Chile,Primera División Chile,Unión La Calera,Colo Colo,0,0,espn_runtime_history,RESULTS_ONLY_ESPN,ESPN,660401
2023-04-29,265,Primera División Chile,Primera División Chile,Curicó Unido,Everton CD,2,3,espn_runtime_history,RESULTS_ONLY_ESPN,ESPN,660397
2023-04-29,265,Primera División Chile,Primera División Chile,Palestino,Ñublense,1,2,espn_runtime_history,RESULTS_ONLY_ESPN,ESPN,660396
2023-04-30,265,Primera División Chile,Primera División Chile,Audax Italiano,Cobresal,1,0,espn_runtime_history,RESULTS_ONLY_ESPN,ESPN,660394
2023-04-30,265,Primera División Chile,Primera División Chile,O'Higgins,Unión Española,1,1,espn_runtime_history,RESULTS_ONLY_ESPN,ESPN,660400
2023-05-09,265,Primera División Chile,Primera División Chile,Magallanes,Curicó Unido,1,2,espn_runtime_history,RESULTS_ONLY_ESPN,ESPN,660406
2023-05-09,265,Primera División Chile,Primera División Chile,Unión Española,Unión La Calera,3,2,espn_runtime_history,RESULTS_ONLY_ESPN,ESPN,660408
2023-05-09,265,Primera División Chile,Primera División Chile,Ñublense,Copiapó,1,0,espn_runtime_history,RESULTS_ONLY_ESPN,ESPN,660409
2023-05-10,265,Primera División Chile,Primera División Chile,Cobresal,O'Higgins,1,0,espn_runtime_history,RESULTS_ONLY_ESPN,ESPN,660402
2023-05-10,265,Primera División Chile,Primera División Chile,Colo Colo,Audax Italiano,2,1,espn_runtime_history,RESULTS_ONLY_ESPN,ESPN,660403
2023-05-10,265,Primera División Chile,Primera División Chile,Coquimbo Unido,Universidad de Chile,2,1,espn_runtime_history,RESULTS_ONLY_ESPN,ESPN,660404
2023-05-11,265,Primera División Chile,Primera División Chile,Universidad Católica,Huachipato,1,2,espn_runtime_history,RESULTS_ONLY_ESPN,ESPN,660407
2023-05-12,265,Primera División Chile,Primera División Chile,Everton CD,Palestino,2,2,espn_runtime_history,RESULTS_ONLY_ESPN,ESPN,660405
2023-05-13,265,Primera División Chile,Primera División Chile,Magallanes,Audax Italiano,1,2,espn_runtime_history,RESULTS_ONLY_ESPN,ESPN,660413
2023-05-13,265,Primera División Chile,Primera División Chile,Unión Española,Colo Colo,1,1,espn_runtime_history,RESULTS_ONLY_ESPN,ESPN,660416
2023-05-14,265,Primera División Chile,Primera División Chile,Copiapó,Universidad Católica,1,4,espn_runtime_history,RESULTS_ONLY_ESPN,ESPN,660411
2023-05-14,265,Primera División Chile,Primera División Chile,Huachipato,Ñublense,2,0,espn_runtime_history,RESULTS_ONLY_ESPN,ESPN,660412
2023-05-14,265,Primera División Chile,Primera División Chile,Unión La Calera,Coquimbo Unido,1,2,espn_runtime_history,RESULTS_ONLY_ESPN,ESPN,660417
2023-05-15,265,Primera División Chile,Primera División Chile,Curicó Unido,Palestino,0,1,espn_runtime_history,RESULTS_ONLY_ESPN,ESPN,660410
2023-05-15,265,Primera División Chile,Primera División Chile,Universidad de Chile,Cobresal,0,0,espn_runtime_history,RESULTS_ONLY_ESPN,ESPN,660415
2023-05-16,265,Primera División Chile,Primera División Chile,O'Higgins,Everton CD,1,1,espn_runtime_history,RESULTS_ONLY_ESPN,ESPN,660414
2023-05-19,265,Primera División Chile,Primera División Chile,Audax Italiano,Huachipato,1,0,espn_runtime_history,RESULTS_ONLY_ESPN,ESPN,660418
2023-05-19,265,Primera División Chile,Primera División Chile,Colo Colo,Curicó Unido,0,1,espn_runtime_history,RESULTS_ONLY_ESPN,ESPN,660420
2023-05-19,265,Primera División Chile,Primera División Chile,Palestino,O'Higgins,0,1,espn_runtime_history,RESULTS_ONLY_ESPN,ESPN,660423
2023-05-20,265,Primera División Chile,Primera División Chile,Coquimbo Unido,Magallanes,1,0,espn_runtime_history,RESULTS_ONLY_ESPN,ESPN,660421
2023-05-20,265,Primera División Chile,Primera División Chile,Everton CD,Copiapó,2,1,espn_runtime_history,RESULTS_ONLY_ESPN,ESPN,660422
2023-05-20,265,Primera División Chile,Primera División Chile,Ñublense,Universidad de Chile,1,1,espn_runtime_history,RESULTS_ONLY_ESPN,ESPN,660425
2023-05-21,265,Primera División Chile,Primera División Chile,Cobresal,Unión Española,0,0,espn_runtime_history,RESULTS_ONLY_ESPN,ESPN,660419
2023-05-21,265,Primera División Chile,Primera División Chile,Universidad Católica,Unión La Calera,1,1,espn_runtime_history,RESULTS_ONLY_ESPN,ESPN,660424
2023-06-28,265,Primera División Chile,Primera División Chile,Universidad de Chile,Universidad Católica,3,0,espn_runtime_history,RESULTS_ONLY_ESPN,ESPN,660395
2023-07-03,265,Primera División Chile,Primera División Chile,Huachipato,Magallanes,1,1,espn_runtime_history,RESULTS_ONLY_ESPN,ESPN,660399
2023-07-06,265,Primera División Chile,Primera División Chile,Ñublense,Unión Española,0,1,espn_runtime_history,RESULTS_ONLY_ESPN,ESPN,660433
2023-07-07,265,Primera División Chile,Primera División Chile,Audax Italiano,Palestino,0,3,espn_runtime_history,RESULTS_ONLY_ESPN,ESPN,660432
2023-07-08,265,Primera División Chile,Primera División Chile,Huachipato,Universidad de Chile,1,2,espn_runtime_history,RESULTS_ONLY_ESPN,ESPN,660429
2023-07-08,265,Primera División Chile,Primera División Chile,Universidad Católica,Everton CD,0,1,espn_runtime_history,RESULTS_ONLY_ESPN,ESPN,660427
2023-07-09,265,Primera División Chile,Primera División Chile,O'Higgins,Magallanes,1,2,espn_runtime_history,RESULTS_ONLY_ESPN,ESPN,660428
2023-07-09,265,Primera División Chile,Primera División Chile,Unión La Calera,Cobresal,1,1,espn_runtime_history,RESULTS_ONLY_ESPN,ESPN,660426
2023-07-12,265,Primera División Chile,Primera División Chile,Coquimbo Unido,Curicó Unido,1,0,espn_runtime_history,RESULTS_ONLY_ESPN,ESPN,660430
2023-07-14,265,Primera División Chile,Primera División Chile,Cobresal,Huachipato,2,0,espn_runtime_history,RESULTS_ONLY_ESPN,ESPN,660440
2023-07-15,265,Primera División Chile,Primera División Chile,Colo Colo,O'Higgins,2,0,espn_runtime_history,RESULTS_ONLY_ESPN,ESPN,660439
2023-07-16,265,Primera División Chile,Primera División Chile,Copiapó,Audax Italiano,1,0,espn_runtime_history,RESULTS_ONLY_ESPN,ESPN,660437
2023-07-16,265,Primera División Chile,Primera División Chile,Everton CD,Unión La Calera,1,2,espn_runtime_history,RESULTS_ONLY_ESPN,ESPN,660434
2023-07-16,265,Primera División Chile,Primera División Chile,Magallanes,Ñublense,1,1,espn_runtime_history,RESULTS_ONLY_ESPN,ESPN,660435
2023-07-17,265,Primera División Chile,Primera División Chile,Curicó Unido,Universidad Católica,2,0,espn_runtime_history,RESULTS_ONLY_ESPN,ESPN,660438
2023-07-17,265,Primera División Chile,Primera División Chile,Palestino,Coquimbo Unido,1,1,espn_runtime_history,RESULTS_ONLY_ESPN,ESPN,660436
2023-07-17,265,Primera División Chile,Primera División Chile,Unión Española,Universidad de Chile,3,0,espn_runtime_history,RESULTS_ONLY_ESPN,ESPN,660441
2023-07-21,265,Primera División Chile,Primera División Chile,Unión La Calera,Magallanes,2,1,espn_runtime_history,RESULTS_ONLY_ESPN,ESPN,660445
2023-07-22,265,Primera División Chile,Primera División Chile,Copiapó,Cobresal,0,3,espn_runtime_history,RESULTS_ONLY_ESPN,ESPN,660443
2023-07-22,265,Primera División Chile,Primera División Chile,Huachipato,O'Higgins,2,0,espn_runtime_history,RESULTS_ONLY_ESPN,ESPN,660447
2023-07-23,265,Primera División Chile,Primera División Chile,Everton CD,Unión Española,1,0,espn_runtime_history,RESULTS_ONLY_ESPN,ESPN,660446
2023-07-23,265,Primera División Chile,Primera División Chile,Universidad Católica,Coquimbo Unido,2,1,espn_runtime_history,RESULTS_ONLY_ESPN,ESPN,660448
2023-07-23,265,Primera División Chile,Primera División Chile,Universidad de Chile,Palestino,0,1,espn_runtime_history,RESULTS_ONLY_ESPN,ESPN,660449
2023-07-25,265,Primera División Chile,Primera División Chile,Audax Italiano,Curicó Unido,3,0,espn_runtime_history,RESULTS_ONLY_ESPN,ESPN,660444
2023-07-25,265,Primera División Chile,Primera División Chile,Ñublense,Colo Colo,0,0,espn_runtime_history,RESULTS_ONLY_ESPN,ESPN,660442
2023-07-28,265,Primera División Chile,Primera División Chile,O'Higgins,Ñublense,1,2,espn_runtime_history,RESULTS_ONLY_ESPN,ESPN,660452
2023-07-29,265,Primera División Chile,Primera División Chile,Cobresal,Universidad Católica,2,2,espn_runtime_history,RESULTS_ONLY_ESPN,ESPN,660450
2023-07-29,265,Primera División Chile,Primera División Chile,Colo Colo,Huachipato,3,1,espn_runtime_history,RESULTS_ONLY_ESPN,ESPN,660453
2023-07-30,265,Primera División Chile,Primera División Chile,Curicó Unido,Unión La Calera,0,3,espn_runtime_history,RESULTS_ONLY_ESPN,ESPN,660455
2023-07-30,265,Primera División Chile,Primera División Chile,Magallanes,Universidad de Chile,2,1,espn_runtime_history,RESULTS_ONLY_ESPN,ESPN,660456
2023-07-30,265,Primera División Chile,Primera División Chile,Palestino,Copiapó,2,0,espn_runtime_history,RESULTS_ONLY_ESPN,ESPN,660451
2023-07-30,265,Primera División Chile,Primera División Chile,Unión Española,Audax Italiano,3,0,espn_runtime_history,RESULTS_ONLY_ESPN,ESPN,660457
2023-07-31,265,Primera División Chile,Primera División Chile,Coquimbo Unido,Everton CD,0,2,espn_runtime_history,RESULTS_ONLY_ESPN,ESPN,660454
2023-08-05,265,Primera División Chile,Primera División Chile,Huachipato,Coquimbo Unido,2,2,espn_runtime_history,RESULTS_ONLY_ESPN,ESPN,660460
2023-08-05,265,Primera División Chile,Primera División Chile,Magallanes,Unión Española,1,0,espn_runtime_history,RESULTS_ONLY_ESPN,ESPN,660461
2023-08-05,265,Primera División Chile,Primera División Chile,Universidad Católica,Audax Italiano,0,2,espn_runtime_history,RESULTS_ONLY_ESPN,ESPN,660462
2023-08-06,265,Primera División Chile,Primera División Chile,Copiapó,Curicó Unido,1,1,espn_runtime_history,RESULTS_ONLY_ESPN,ESPN,660458
2023-08-06,265,Primera División Chile,Primera División Chile,Everton CD,Colo Colo,1,2,espn_runtime_history,RESULTS_ONLY_ESPN,ESPN,660459
2023-08-06,265,Primera División Chile,Primera División Chile,Ñublense,Cobresal,1,2,espn_runtime_history,RESULTS_ONLY_ESPN,ESPN,660465
2023-08-07,265,Primera División Chile,Primera División Chile,Unión La Calera,Palestino,2,3,espn_runtime_history,RESULTS_ONLY_ESPN,ESPN,660464
2023-08-08,265,Primera División Chile,Primera División Chile,Universidad de Chile,O'Higgins,2,5,espn_runtime_history,RESULTS_ONLY_ESPN,ESPN,660463
2023-08-11,265,Primera División Chile,Primera División Chile,Cobresal,Magallanes,3,1,espn_runtime_history,RESULTS_ONLY_ESPN,ESPN,660467
2023-08-12,265,Primera División Chile,Primera División Chile,Coquimbo Unido,Colo Colo,2,2,espn_runtime_history,RESULTS_ONLY_ESPN,ESPN,660468
2023-08-12,265,Primera División Chile,Primera División Chile,O'Higgins,Copiapó,1,1,espn_runtime_history,RESULTS_ONLY_ESPN,ESPN,660469
2023-08-13,265,Primera División Chile,Primera División Chile,Audax Italiano,Everton CD,0,1,espn_runtime_history,RESULTS_ONLY_ESPN,ESPN,660466
2023-08-13,265,Primera División Chile,Primera División Chile,Palestino,Universidad Católica,3,0,espn_runtime_history,RESULTS_ONLY_ESPN,ESPN,660470
2023-08-13,265,Primera División Chile,Primera División Chile,Unión Española,Huachipato,0,1,espn_runtime_history,RESULTS_ONLY_ESPN,ESPN,660472
2023-08-15,265,Primera División Chile,Primera División Chile,Universidad de Chile,Curicó Unido,1,1,espn_runtime_history,RESULTS_ONLY_ESPN,ESPN,660471
2023-08-15,265,Primera División Chile,Primera División Chile,Ñublense,Unión La Calera,1,1,espn_runtime_history,RESULTS_ONLY_ESPN,ESPN,660473
2023-08-25,265,Primera División Chile,Primera División Chile,Audax Italiano,Coquimbo Unido,1,1,espn_runtime_history,RESULTS_ONLY_ESPN,ESPN,660474
2023-08-25,265,Primera División Chile,Primera División Chile,Unión La Calera,Universidad de Chile,2,1,espn_runtime_history,RESULTS_ONLY_ESPN,ESPN,660481
2023-08-26,265,Primera División Chile,Primera División Chile,Copiapó,Unión Española,4,3,espn_runtime_history,RESULTS_ONLY_ESPN,ESPN,660477
2023-08-26,265,Primera División Chile,Primera División Chile,Universidad Católica,Ñublense,2,1,espn_runtime_history,RESULTS_ONLY_ESPN,ESPN,660480
2023-08-28,265,Primera División Chile,Primera División Chile,Everton CD,Cobresal,2,2,espn_runtime_history,RESULTS_ONLY_ESPN,ESPN,660478
2023-09-01,265,Primera División Chile,Primera División Chile,Unión La Calera,Copiapó,1,1,espn_runtime_history,RESULTS_ONLY_ESPN,ESPN,660488
2023-09-02,265,Primera División Chile,Primera División Chile,Huachipato,Curicó Unido,3,0,espn_runtime_history,RESULTS_ONLY_ESPN,ESPN,660483
2023-09-02,265,Primera División Chile,Primera División Chile,Universidad de Chile,Colo Colo,1,1,espn_runtime_history,RESULTS_ONLY_ESPN,ESPN,660486
2023-09-03,265,Primera División Chile,Primera División Chile,Cobresal,Coquimbo Unido,3,2,espn_runtime_history,RESULTS_ONLY_ESPN,ESPN,660482
2023-09-03,265,Primera División Chile,Primera División Chile,Magallanes,Palestino,2,0,espn_runtime_history,RESULTS_ONLY_ESPN,ESPN,660484
2023-09-03,265,Primera División Chile,Primera División Chile,O'Higgins,Audax Italiano,2,1,espn_runtime_history,RESULTS_ONLY_ESPN,ESPN,660485
2023-09-03,265,Primera División Chile,Primera División Chile,Ñublense,Everton CD,1,0,espn_runtime_history,RESULTS_ONLY_ESPN,ESPN,660489
2023-09-13,265,Primera División Chile,Primera División Chile,Curicó Unido,O'Higgins,1,3,espn_runtime_history,RESULTS_ONLY_ESPN,ESPN,660476
2023-09-14,265,Primera División Chile,Primera División Chile,Colo Colo,Copiapó,1,1,espn_runtime_history,RESULTS_ONLY_ESPN,ESPN,660431
2023-09-14,265,Primera División Chile,Primera División Chile,Huachipato,Palestino,2,2,espn_runtime_history,RESULTS_ONLY_ESPN,ESPN,660479
2023-09-22,265,Primera División Chile,Primera División Chile,Coquimbo Unido,O'Higgins,2,1,espn_runtime_history,RESULTS_ONLY_ESPN,ESPN,660492
2023-09-23,265,Primera División Chile,Primera División Chile,Colo Colo,Cobresal,6,0,espn_runtime_history,RESULTS_ONLY_ESPN,ESPN,660491
2023-09-23,265,Primera División Chile,Primera División Chile,Curicó Unido,Ñublense,0,3,espn_runtime_history,RESULTS_ONLY_ESPN,ESPN,660493
2023-09-23,265,Primera División Chile,Primera División Chile,Everton CD,Huachipato,1,2,espn_runtime_history,RESULTS_ONLY_ESPN,ESPN,660495
2023-09-23,265,Primera División Chile,Primera División Chile,Palestino,Unión Española,2,1,espn_runtime_history,RESULTS_ONLY_ESPN,ESPN,660496
2023-09-24,265,Primera División Chile,Primera División Chile,Audax Italiano,Unión La Calera,2,1,espn_runtime_history,RESULTS_ONLY_ESPN,ESPN,660490
2023-09-24,265,Primera División Chile,Primera División Chile,Copiapó,Universidad de Chile,3,1,espn_runtime_history,RESULTS_ONLY_ESPN,ESPN,660494
2023-09-24,265,Primera División Chile,Primera División Chile,Universidad Católica,Magallanes,1,0,espn_runtime_history,RESULTS_ONLY_ESPN,ESPN,660497
2023-09-30,265,Primera División Chile,Primera División Chile,Coquimbo Unido,Ñublense,1,3,espn_runtime_history,RESULTS_ONLY_ESPN,ESPN,660381
2023-09-30,265,Primera División Chile,Primera División Chile,Huachipato,Copiapó,1,0,espn_runtime_history,RESULTS_ONLY_ESPN,ESPN,660500
2023-09-30,265,Primera División Chile,Primera División Chile,Magallanes,Everton CD,1,4,espn_runtime_history,RESULTS_ONLY_ESPN,ESPN,660501
2023-09-30,265,Primera División Chile,Primera División Chile,Unión Española,Curicó Unido,2,2,espn_runtime_history,RESULTS_ONLY_ESPN,ESPN,660504
2023-10-01,265,Primera División Chile,Primera División Chile,Cobresal,Palestino,2,1,espn_runtime_history,RESULTS_ONLY_ESPN,ESPN,660498
2023-10-01,265,Primera División Chile,Primera División Chile,Colo Colo,Universidad Católica,2,1,espn_runtime_history,RESULTS_ONLY_ESPN,ESPN,660499
2023-10-01,265,Primera División Chile,Primera División Chile,O'Higgins,Unión La Calera,0,1,espn_runtime_history,RESULTS_ONLY_ESPN,ESPN,660502
2023-10-02,265,Primera División Chile,Primera División Chile,Universidad de Chile,Audax Italiano,2,0,espn_runtime_history,RESULTS_ONLY_ESPN,ESPN,660503
2023-10-06,265,Primera División Chile,Primera División Chile,Unión La Calera,Huachipato,2,4,espn_runtime_history,RESULTS_ONLY_ESPN,ESPN,660513
2023-10-07,265,Primera División Chile,Primera División Chile,Coquimbo Unido,Unión Española,3,1,espn_runtime_history,RESULTS_ONLY_ESPN,ESPN,660507
2023-10-07,265,Primera División Chile,Primera División Chile,Curicó Unido,Cobresal,1,2,espn_runtime_history,RESULTS_ONLY_ESPN,ESPN,660508
2023-10-07,265,Primera División Chile,Primera División Chile,O'Higgins,Universidad Católica,0,3,espn_runtime_history,RESULTS_ONLY_ESPN,ESPN,660510
2023-10-08,265,Primera División Chile,Primera División Chile,Audax Italiano,Ñublense,1,0,espn_runtime_history,RESULTS_ONLY_ESPN,ESPN,660506
2023-10-08,265,Primera División Chile,Primera División Chile,Copiapó,Magallanes,2,1,espn_runtime_history,RESULTS_ONLY_ESPN,ESPN,660509
2023-10-08,265,Primera División Chile,Primera División Chile,Palestino,Colo Colo,1,0,espn_runtime_history,RESULTS_ONLY_ESPN,ESPN,660511
2023-11-06,265,Primera División Chile,Primera División Chile,Universidad de Chile,Everton CD,1,2,espn_runtime_history,RESULTS_ONLY_ESPN,ESPN,660512
2023-11-07,265,Primera División Chile,Primera División Chile,Magallanes,Colo Colo,1,2,espn_runtime_history,RESULTS_ONLY_ESPN,ESPN,660356
2023-11-11,265,Primera División Chile,Primera División Chile,Cobresal,Audax Italiano,3,4,espn_runtime_history,RESULTS_ONLY_ESPN,ESPN,660514
2023-11-11,265,Primera División Chile,Primera División Chile,Universidad Católica,Universidad de Chile,1,3,espn_runtime_history,RESULTS_ONLY_ESPN,ESPN,660519
2023-11-12,265,Primera División Chile,Primera División Chile,Colo Colo,Unión La Calera,2,0,espn_runtime_history,RESULTS_ONLY_ESPN,ESPN,660515
2023-11-12,265,Primera División Chile,Primera División Chile,Coquimbo Unido,Copiapó,1,0,espn_runtime_history,RESULTS_ONLY_ESPN,ESPN,660516
2023-11-12,265,Primera División Chile,Primera División Chile,Everton CD,Curicó Unido,1,1,espn_runtime_history,RESULTS_ONLY_ESPN,ESPN,660517
2023-11-12,265,Primera División Chile,Primera División Chile,Magallanes,Huachipato,1,1,espn_runtime_history,RESULTS_ONLY_ESPN,ESPN,660518
2023-11-12,265,Primera División Chile,Primera División Chile,Unión Española,O'Higgins,3,3,espn_runtime_history,RESULTS_ONLY_ESPN,ESPN,660520
2023-11-12,265,Primera División Chile,Primera División Chile,Ñublense,Palestino,1,1,espn_runtime_history,RESULTS_ONLY_ESPN,ESPN,660521
2023-11-23,265,Primera División Chile,Primera División Chile,Palestino,Everton CD,0,2,espn_runtime_history,RESULTS_ONLY_ESPN,ESPN,660527
2023-11-24,265,Primera División Chile,Primera División Chile,Universidad de Chile,Coquimbo Unido,1,2,espn_runtime_history,RESULTS_ONLY_ESPN,ESPN,660528
2023-11-24,265,Primera División Chile,Primera División Chile,Unión La Calera,Unión Española,4,0,espn_runtime_history,RESULTS_ONLY_ESPN,ESPN,660529
2023-11-25,265,Primera División Chile,Primera División Chile,Huachipato,Universidad Católica,1,1,espn_runtime_history,RESULTS_ONLY_ESPN,ESPN,660525
2023-11-25,265,Primera División Chile,Primera División Chile,O'Higgins,Cobresal,0,0,espn_runtime_history,RESULTS_ONLY_ESPN,ESPN,660526
2023-11-26,265,Primera División Chile,Primera División Chile,Audax Italiano,Colo Colo,0,1,espn_runtime_history,RESULTS_ONLY_ESPN,ESPN,660522
2023-11-26,265,Primera División Chile,Primera División Chile,Copiapó,Ñublense,1,1,espn_runtime_history,RESULTS_ONLY_ESPN,ESPN,660524
2023-11-26,265,Primera División Chile,Primera División Chile,Curicó Unido,Magallanes,3,4,espn_runtime_history,RESULTS_ONLY_ESPN,ESPN,660523
2023-12-01,265,Primera División Chile,Primera División Chile,Coquimbo Unido,Unión La Calera,1,2,espn_runtime_history,RESULTS_ONLY_ESPN,ESPN,660534
2023-12-02,265,Primera División Chile,Primera División Chile,Audax Italiano,Magallanes,0,2,espn_runtime_history,RESULTS_ONLY_ESPN,ESPN,660530
2023-12-02,265,Primera División Chile,Primera División Chile,Everton CD,O'Higgins,0,2,espn_runtime_history,RESULTS_ONLY_ESPN,ESPN,660535
2023-12-02,265,Primera División Chile,Primera División Chile,Palestino,Curicó Unido,4,0,espn_runtime_history,RESULTS_ONLY_ESPN,ESPN,660536
2023-12-02,265,Primera División Chile,Primera División Chile,Universidad Católica,Copiapó,2,2,espn_runtime_history,RESULTS_ONLY_ESPN,ESPN,660537
2023-12-03,265,Primera División Chile,Primera División Chile,Cobresal,Universidad de Chile,4,3,espn_runtime_history,RESULTS_ONLY_ESPN,ESPN,660532
2023-12-03,265,Primera División Chile,Primera División Chile,Colo Colo,Unión Española,0,2,espn_runtime_history,RESULTS_ONLY_ESPN,ESPN,660533
2023-12-03,265,Primera División Chile,Primera División Chile,Ñublense,Huachipato,0,1,espn_runtime_history,RESULTS_ONLY_ESPN,ESPN,660531
2023-12-08,265,Primera División Chile,Primera División Chile,Curicó Unido,Colo Colo,0,1,espn_runtime_history,RESULTS_ONLY_ESPN,ESPN,660541
2023-12-08,265,Primera División Chile,Primera División Chile,Huachipato,Audax Italiano,2,0,espn_runtime_history,RESULTS_ONLY_ESPN,ESPN,660542
2023-12-08,265,Primera División Chile,Primera División Chile,Unión Española,Cobresal,1,0,espn_runtime_history,RESULTS_ONLY_ESPN,ESPN,660540
2023-12-09,265,Primera División Chile,Primera División Chile,Copiapó,Everton CD,2,0,espn_runtime_history,RESULTS_ONLY_ESPN,ESPN,660545
2023-12-09,265,Primera División Chile,Primera División Chile,Magallanes,Coquimbo Unido,2,3,espn_runtime_history,RESULTS_ONLY_ESPN,ESPN,660543
2023-12-09,265,Primera División Chile,Primera División Chile,O'Higgins,Palestino,0,1,espn_runtime_history,RESULTS_ONLY_ESPN,ESPN,660544
2023-12-09,265,Primera División Chile,Primera División Chile,Universidad de Chile,Ñublense,3,1,espn_runtime_history,RESULTS_ONLY_ESPN,ESPN,660538
2023-12-09,265,Primera División Chile,Primera División Chile,Unión La Calera,Universidad Católica,0,3,espn_runtime_history,RESULTS_ONLY_ESPN,ESPN,660539
2024-02-17,265,Primera División Chile,Primera División Chile,Copiapó,O'Higgins,1,3,espn_runtime_history,RESULTS_ONLY_ESPN,ESPN,696719
2024-02-17,265,Primera División Chile,Primera División Chile,Unión Española,Colo Colo,0,3,espn_runtime_history,RESULTS_ONLY_ESPN,ESPN,696722
2024-02-17,265,Primera División Chile,Primera División Chile,Ñublense,Coquimbo Unido,0,0,espn_runtime_history,RESULTS_ONLY_ESPN,ESPN,696724
2024-02-18,265,Primera División Chile,Primera División Chile,Cobreloa,Huachipato,1,1,espn_runtime_history,RESULTS_ONLY_ESPN,ESPN,696718
2024-02-19,265,Primera División Chile,Primera División Chile,Audax Italiano,Deportes Iquique,2,3,espn_runtime_history,RESULTS_ONLY_ESPN,ESPN,696717
2024-02-23,265,Primera División Chile,Primera División Chile,Universidad Católica,Ñublense,0,1,espn_runtime_history,RESULTS_ONLY_ESPN,ESPN,696731
2024-02-24,265,Primera División Chile,Primera División Chile,Coquimbo Unido,Copiapó,3,1,espn_runtime_history,RESULTS_ONLY_ESPN,ESPN,696726
2024-02-24,265,Primera División Chile,Primera División Chile,Palestino,Cobreloa,5,0,espn_runtime_history,RESULTS_ONLY_ESPN,ESPN,696730
2024-02-24,265,Primera División Chile,Primera División Chile,Universidad de Chile,Audax Italiano,1,0,espn_runtime_history,RESULTS_ONLY_ESPN,ESPN,696732
2024-02-25,265,Primera División Chile,Primera División Chile,Cobresal,Unión Española,2,2,espn_runtime_history,RESULTS_ONLY_ESPN,ESPN,696725
2024-02-25,265,Primera División Chile,Primera División Chile,Deportes Iquique,Everton CD,1,1,espn_runtime_history,RESULTS_ONLY_ESPN,ESPN,696727
2024-02-25,265,Primera División Chile,Primera División Chile,Huachipato,Unión La Calera,0,1,espn_runtime_history,RESULTS_ONLY_ESPN,ESPN,696728
2024-02-25,265,Primera División Chile,Primera División Chile,O'Higgins,Colo Colo,1,0,espn_runtime_history,RESULTS_ONLY_ESPN,ESPN,696729
2024-03-01,265,Primera División Chile,Primera División Chile,Cobreloa,Cobresal,2,1,espn_runtime_history,RESULTS_ONLY_ESPN,ESPN,696733
2024-03-02,265,Primera División Chile,Primera División Chile,O'Higgins,Everton CD,2,1,espn_runtime_history,RESULTS_ONLY_ESPN,ESPN,696858
2024-03-02,265,Primera División Chile,Primera División Chile,Palestino,Universidad Católica,0,2,espn_runtime_history,RESULTS_ONLY_ESPN,ESPN,696737
2024-03-02,265,Primera División Chile,Primera División Chile,Unión Española,Coquimbo Unido,1,0,espn_runtime_history,RESULTS_ONLY_ESPN,ESPN,696738
2024-03-02,265,Primera División Chile,Primera División Chile,Ñublense,Audax Italiano,1,2,espn_runtime_history,RESULTS_ONLY_ESPN,ESPN,696740
2024-03-03,265,Primera División Chile,Primera División Chile,Colo Colo,Huachipato,2,0,espn_runtime_history,RESULTS_ONLY_ESPN,ESPN,696734
2024-03-03,265,Primera División Chile,Primera División Chile,Unión La Calera,Deportes Iquique,1,3,espn_runtime_history,RESULTS_ONLY_ESPN,ESPN,696739
2024-03-04,265,Primera División Chile,Primera División Chile,Copiapó,Universidad de Chile,1,3,espn_runtime_history,RESULTS_ONLY_ESPN,ESPN,696735
2024-03-09,265,Primera División Chile,Primera División Chile,Cobresal,Huachipato,1,2,espn_runtime_history,RESULTS_ONLY_ESPN,ESPN,696742
2024-03-09,265,Primera División Chile,Primera División Chile,O'Higgins,Palestino,0,1,espn_runtime_history,RESULTS_ONLY_ESPN,ESPN,696745
2024-03-09,265,Primera División Chile,Primera División Chile,Unión Española,Audax Italiano,3,0,espn_runtime_history,RESULTS_ONLY_ESPN,ESPN,696866
2024-03-10,265,Primera División Chile,Primera División Chile,Colo Colo,Universidad de Chile,0,1,espn_runtime_history,RESULTS_ONLY_ESPN,ESPN,696743
2024-03-10,265,Primera División Chile,Primera División Chile,Deportes Iquique,Coquimbo Unido,4,2,espn_runtime_history,RESULTS_ONLY_ESPN,ESPN,696744
2024-03-11,265,Primera División Chile,Primera División Chile,Universidad Católica,Everton CD,2,4,espn_runtime_history,RESULTS_ONLY_ESPN,ESPN,696746
2024-03-11,265,Primera División Chile,Primera División Chile,Ñublense,Copiapó,1,0,espn_runtime_history,RESULTS_ONLY_ESPN,ESPN,696748
2024-03-12,265,Primera División Chile,Primera División Chile,Unión La Calera,Cobreloa,0,2,espn_runtime_history,RESULTS_ONLY_ESPN,ESPN,696747
2024-03-15,265,Primera División Chile,Primera División Chile,Deportes Iquique,Cobresal,1,0,espn_runtime_history,RESULTS_ONLY_ESPN,ESPN,696751
2024-03-16,265,Primera División Chile,Primera División Chile,Cobreloa,Unión Española,1,0,espn_runtime_history,RESULTS_ONLY_ESPN,ESPN,696749
2024-03-16,265,Primera División Chile,Primera División Chile,Everton CD,Ñublense,3,2,espn_runtime_history,RESULTS_ONLY_ESPN,ESPN,696752
2024-03-16,265,Primera División Chile,Primera División Chile,Universidad de Chile,O'Higgins,1,0,espn_runtime_history,RESULTS_ONLY_ESPN,ESPN,696756
2024-03-17,265,Primera División Chile,Primera División Chile,Coquimbo Unido,Colo Colo,0,0,espn_runtime_history,RESULTS_ONLY_ESPN,ESPN,696750
2024-03-17,265,Primera División Chile,Primera División Chile,Huachipato,Copiapó,2,1,espn_runtime_history,RESULTS_ONLY_ESPN,ESPN,696753
2024-03-17,265,Primera División Chile,Primera División Chile,Palestino,Unión La Calera,0,0,espn_runtime_history,RESULTS_ONLY_ESPN,ESPN,696754
2024-03-17,265,Primera División Chile,Primera División Chile,Universidad Católica,Audax Italiano,0,0,espn_runtime_history,RESULTS_ONLY_ESPN,ESPN,696755
2024-03-22,265,Primera División Chile,Primera División Chile,Unión La Calera,Universidad Católica,0,0,espn_runtime_history,RESULTS_ONLY_ESPN,ESPN,696723
2024-03-23,265,Primera División Chile,Primera División Chile,Everton CD,Palestino,0,0,espn_runtime_history,RESULTS_ONLY_ESPN,ESPN,696720
2024-03-25,265,Primera División Chile,Primera División Chile,Universidad de Chile,Cobresal,2,2,espn_runtime_history,RESULTS_ONLY_ESPN,ESPN,696721
2024-03-28,265,Primera División Chile,Primera División Chile,Audax Italiano,Coquimbo Unido,0,1,espn_runtime_history,RESULTS_ONLY_ESPN,ESPN,696757
2024-03-28,265,Primera División Chile,Primera División Chile,O'Higgins,Deportes Iquique,0,3,espn_runtime_history,RESULTS_ONLY_ESPN,ESPN,696763
2024-03-29,265,Primera División Chile,Primera División Chile,Cobresal,Palestino,0,2,espn_runtime_history,RESULTS_ONLY_ESPN,ESPN,696759
2024-03-30,265,Primera División Chile,Primera División Chile,Colo Colo,Everton CD,4,1,espn_runtime_history,RESULTS_ONLY_ESPN,ESPN,696760
2024-03-30,265,Primera División Chile,Primera División Chile,Copiapó,Unión La Calera,2,0,espn_runtime_history,RESULTS_ONLY_ESPN,ESPN,696761
2024-03-30,265,Primera División Chile,Primera División Chile,Huachipato,Universidad Católica,0,0,espn_runtime_history,RESULTS_ONLY_ESPN,ESPN,696762
2024-03-31,265,Primera División Chile,Primera División Chile,Cobreloa,Universidad de Chile,1,3,espn_runtime_history,RESULTS_ONLY_ESPN,ESPN,696758
2024-03-31,265,Primera División Chile,Primera División Chile,Unión Española,Ñublense,5,3,espn_runtime_history,RESULTS_ONLY_ESPN,ESPN,696764
2024-04-06,265,Primera División Chile,Primera División Chile,Copiapó,Deportes Iquique,3,0,espn_runtime_history,RESULTS_ONLY_ESPN,ESPN,696769
2024-04-06,265,Primera División Chile,Primera División Chile,Everton CD,Audax Italiano,2,0,espn_runtime_history,RESULTS_ONLY_ESPN,ESPN,696770
2024-04-06,265,Primera División Chile,Primera División Chile,Universidad Católica,Cobresal,2,0,espn_runtime_history,RESULTS_ONLY_ESPN,ESPN,696772
2024-04-06,265,Primera División Chile,Primera División Chile,Ñublense,Colo Colo,3,0,espn_runtime_history,RESULTS_ONLY_ESPN,ESPN,696767
2024-04-07,265,Primera División Chile,Primera División Chile,Coquimbo Unido,Cobreloa,2,1,espn_runtime_history,RESULTS_ONLY_ESPN,ESPN,696768
2024-04-07,265,Primera División Chile,Primera División Chile,Unión La Calera,O'Higgins,2,3,espn_runtime_history,RESULTS_ONLY_ESPN,ESPN,696766
2024-04-08,265,Primera División Chile,Primera División Chile,Unión Española,Universidad de Chile,0,1,espn_runtime_history,RESULTS_ONLY_ESPN,ESPN,696892
2024-04-13,265,Primera División Chile,Primera División Chile,Unión Española,Everton CD,4,2,espn_runtime_history,RESULTS_ONLY_ESPN,ESPN,696777
2024-04-14,265,Primera División Chile,Primera División Chile,Deportes Iquique,Universidad Católica,2,3,espn_runtime_history,RESULTS_ONLY_ESPN,ESPN,696774
2024-04-14,265,Primera División Chile,Primera División Chile,O'Higgins,Huachipato,0,0,espn_runtime_history,RESULTS_ONLY_ESPN,ESPN,696775
2024-04-14,265,Primera División Chile,Primera División Chile,Universidad de Chile,Coquimbo Unido,1,1,espn_runtime_history,RESULTS_ONLY_ESPN,ESPN,696776
2024-04-14,265,Primera División Chile,Primera División Chile,Ñublense,Palestino,0,2,espn_runtime_history,RESULTS_ONLY_ESPN,ESPN,696778
2024-04-15,265,Primera División Chile,Primera División Chile,Audax Italiano,Unión La Calera,2,2,espn_runtime_history,RESULTS_ONLY_ESPN,ESPN,696779
2024-04-15,265,Primera División Chile,Primera División Chile,Cobresal,Copiapó,3,0,espn_runtime_history,RESULTS_ONLY_ESPN,ESPN,696780
2024-04-16,265,Primera División Chile,Primera División Chile,Colo Colo,Cobreloa,0,2,espn_runtime_history,RESULTS_ONLY_ESPN,ESPN,696773
2024-04-17,265,Primera División Chile,Primera División Chile,Palestino,Huachipato,2,0,espn_runtime_history,RESULTS_ONLY_ESPN,ESPN,696771
2024-04-20,265,Primera División Chile,Primera División Chile,Cobresal,Ñublense,2,2,espn_runtime_history,RESULTS_ONLY_ESPN,ESPN,696787
2024-04-20,265,Primera División Chile,Primera División Chile,Universidad Católica,Colo Colo,0,1,espn_runtime_history,RESULTS_ONLY_ESPN,ESPN,696783
2024-04-20,265,Primera División Chile,Primera División Chile,Unión La Calera,Everton CD,0,1,espn_runtime_history,RESULTS_ONLY_ESPN,ESPN,696785
2024-04-21,265,Primera División Chile,Primera División Chile,Coquimbo Unido,O'Higgins,2,0,espn_runtime_history,RESULTS_ONLY_ESPN,ESPN,696788
2024-04-21,265,Primera División Chile,Primera División Chile,Huachipato,Deportes Iquique,2,1,espn_runtime_history,RESULTS_ONLY_ESPN,ESPN,696782
2024-04-21,265,Primera División Chile,Primera División Chile,Palestino,Universidad de Chile,2,2,espn_runtime_history,RESULTS_ONLY_ESPN,ESPN,696786
2024-04-21,265,Primera División Chile,Primera División Chile,Unión Española,Copiapó,5,3,espn_runtime_history,RESULTS_ONLY_ESPN,ESPN,696784
2024-04-22,265,Primera División Chile,Primera División Chile,Cobreloa,Audax Italiano,0,3,espn_runtime_history,RESULTS_ONLY_ESPN,ESPN,696781
2024-04-26,265,Primera División Chile,Primera División Chile,O'Higgins,Unión Española,2,2,espn_runtime_history,RESULTS_ONLY_ESPN,ESPN,696796
2024-04-27,265,Primera División Chile,Primera División Chile,Copiapó,Universidad Católica,0,1,espn_runtime_history,RESULTS_ONLY_ESPN,ESPN,696795
2024-04-27,265,Primera División Chile,Primera División Chile,Ñublense,Cobreloa,6,0,espn_runtime_history,RESULTS_ONLY_ESPN,ESPN,696792
2024-04-28,265,Primera División Chile,Primera División Chile,Colo Colo,Unión La Calera,3,1,espn_runtime_history,RESULTS_ONLY_ESPN,ESPN,696794
2024-04-28,265,Primera División Chile,Primera División Chile,Everton CD,Coquimbo Unido,1,2,espn_runtime_history,RESULTS_ONLY_ESPN,ESPN,696791
2024-04-28,265,Primera División Chile,Primera División Chile,Huachipato,Universidad de Chile,0,4,espn_runtime_history,RESULTS_ONLY_ESPN,ESPN,696790
2024-04-29,265,Primera División Chile,Primera División Chile,Deportes Iquique,Palestino,2,1,espn_runtime_history,RESULTS_ONLY_ESPN,ESPN,696789
2024-04-30,265,Primera División Chile,Primera División Chile,Audax Italiano,Cobresal,0,1,espn_runtime_history,RESULTS_ONLY_ESPN,ESPN,696793
2024-05-03,265,Primera División Chile,Primera División Chile,Coquimbo Unido,Huachipato,3,1,espn_runtime_history,RESULTS_ONLY_ESPN,ESPN,696803
2024-05-03,265,Primera División Chile,Primera División Chile,Palestino,Copiapó,3,1,espn_runtime_history,RESULTS_ONLY_ESPN,ESPN,696799
2024-05-04,265,Primera División Chile,Primera División Chile,Cobresal,Colo Colo,2,2,espn_runtime_history,RESULTS_ONLY_ESPN,ESPN,696802
2024-05-05,265,Primera División Chile,Primera División Chile,Cobreloa,Everton CD,1,2,espn_runtime_history,RESULTS_ONLY_ESPN,ESPN,696801
2024-05-05,265,Primera División Chile,Primera División Chile,Universidad de Chile,Deportes Iquique,2,2,espn_runtime_history,RESULTS_ONLY_ESPN,ESPN,696798
2024-05-05,265,Primera División Chile,Primera División Chile,Unión Española,Universidad Católica,1,2,espn_runtime_history,RESULTS_ONLY_ESPN,ESPN,696797
2024-05-05,265,Primera División Chile,Primera División Chile,Unión La Calera,Ñublense,2,1,espn_runtime_history,RESULTS_ONLY_ESPN,ESPN,696804
2024-05-06,265,Primera División Chile,Primera División Chile,O'Higgins,Audax Italiano,0,5,espn_runtime_history,RESULTS_ONLY_ESPN,ESPN,696800
2024-05-11,265,Primera División Chile,Primera División Chile,Huachipato,Unión Española,2,2,espn_runtime_history,RESULTS_ONLY_ESPN,ESPN,696805
2024-05-11,265,Primera División Chile,Primera División Chile,Universidad Católica,O'Higgins,3,2,espn_runtime_history,RESULTS_ONLY_ESPN,ESPN,696806
2024-05-12,265,Primera División Chile,Primera División Chile,Audax Italiano,Colo Colo,1,4,espn_runtime_history,RESULTS_ONLY_ESPN,ESPN,696809
2024-05-12,265,Primera División Chile,Primera División Chile,Copiapó,Cobreloa,4,0,espn_runtime_history,RESULTS_ONLY_ESPN,ESPN,696811
2024-05-12,265,Primera División Chile,Primera División Chile,Everton CD,Cobresal,3,3,espn_runtime_history,RESULTS_ONLY_ESPN,ESPN,696812
2024-05-13,265,Primera División Chile,Primera División Chile,Deportes Iquique,Ñublense,2,1,espn_runtime_history,RESULTS_ONLY_ESPN,ESPN,696808
2024-05-13,265,Primera División Chile,Primera División Chile,Unión La Calera,Universidad de Chile,1,3,espn_runtime_history,RESULTS_ONLY_ESPN,ESPN,696807
2024-05-18,265,Primera División Chile,Primera División Chile,Cobreloa,Deportes Iquique,2,2,espn_runtime_history,RESULTS_ONLY_ESPN,ESPN,696814
2024-05-18,265,Primera División Chile,Primera División Chile,Everton CD,Copiapó,1,0,espn_runtime_history,RESULTS_ONLY_ESPN,ESPN,696817
2024-05-18,265,Primera División Chile,Primera División Chile,Universidad de Chile,Universidad Católica,1,2,espn_runtime_history,RESULTS_ONLY_ESPN,ESPN,696818
2024-05-19,265,Primera División Chile,Primera División Chile,Colo Colo,Palestino,2,0,espn_runtime_history,RESULTS_ONLY_ESPN,ESPN,696816
2024-05-19,265,Primera División Chile,Primera División Chile,Ñublense,O'Higgins,2,2,espn_runtime_history,RESULTS_ONLY_ESPN,ESPN,696815
2024-05-20,265,Primera División Chile,Primera División Chile,Cobresal,Coquimbo Unido,2,3,espn_runtime_history,RESULTS_ONLY_ESPN,ESPN,696820
2024-05-21,265,Primera División Chile,Primera División Chile,Huachipato,Audax Italiano,0,1,espn_runtime_history,RESULTS_ONLY_ESPN,ESPN,696936
2024-05-24,265,Primera División Chile,Primera División Chile,Palestino,Unión Española,0,1,espn_runtime_history,RESULTS_ONLY_ESPN,ESPN,696824
2024-05-24,265,Primera División Chile,Primera División Chile,Unión La Calera,Coquimbo Unido,1,2,espn_runtime_history,RESULTS_ONLY_ESPN,ESPN,696828
2024-05-25,265,Primera División Chile,Primera División Chile,Deportes Iquique,Colo Colo,0,3,espn_runtime_history,RESULTS_ONLY_ESPN,ESPN,696827
2024-05-25,265,Primera División Chile,Primera División Chile,Huachipato,Everton CD,1,0,espn_runtime_history,RESULTS_ONLY_ESPN,ESPN,696826
2024-05-25,265,Primera División Chile,Primera División Chile,Universidad Católica,Cobreloa,4,1,espn_runtime_history,RESULTS_ONLY_ESPN,ESPN,696823
2024-05-26,265,Primera División Chile,Primera División Chile,Copiapó,Audax Italiano,2,1,espn_runtime_history,RESULTS_ONLY_ESPN,ESPN,696821
2024-05-26,265,Primera División Chile,Primera División Chile,O'Higgins,Cobresal,2,2,espn_runtime_history,RESULTS_ONLY_ESPN,ESPN,696825
2024-05-26,265,Primera División Chile,Primera División Chile,Universidad de Chile,Ñublense,0,0,espn_runtime_history,RESULTS_ONLY_ESPN,ESPN,696822
2024-06-01,265,Primera División Chile,Primera División Chile,Unión Española,Deportes Iquique,4,3,espn_runtime_history,RESULTS_ONLY_ESPN,ESPN,696835
2024-06-02,265,Primera División Chile,Primera División Chile,Audax Italiano,Palestino,1,2,espn_runtime_history,RESULTS_ONLY_ESPN,ESPN,696829
2024-06-02,265,Primera División Chile,Primera División Chile,Cobresal,Unión La Calera,2,1,espn_runtime_history,RESULTS_ONLY_ESPN,ESPN,696831
2024-06-02,265,Primera División Chile,Primera División Chile,Colo Colo,Copiapó,0,1,espn_runtime_history,RESULTS_ONLY_ESPN,ESPN,696832
2024-06-02,265,Primera División Chile,Primera División Chile,Everton CD,Universidad de Chile,1,2,espn_runtime_history,RESULTS_ONLY_ESPN,ESPN,696834
2024-06-03,265,Primera División Chile,Primera División Chile,Coquimbo Unido,Universidad Católica,2,0,espn_runtime_history,RESULTS_ONLY_ESPN,ESPN,696833
2024-06-06,265,Primera División Chile,Primera División Chile,Coquimbo Unido,Palestino,0,0,espn_runtime_history,RESULTS_ONLY_ESPN,ESPN,696810
2024-06-07,265,Primera División Chile,Primera División Chile,Unión Española,Unión La Calera,0,1,espn_runtime_history,RESULTS_ONLY_ESPN,ESPN,696819
2024-06-20,265,Primera División Chile,Primera División Chile,Ñublense,Huachipato,3,0,espn_runtime_history,RESULTS_ONLY_ESPN,ESPN,696836
2024-07-19,265,Primera División Chile,Primera División Chile,Huachipato,Cobreloa,1,1,espn_runtime_history,RESULTS_ONLY_ESPN,ESPN,696842
2024-07-20,265,Primera División Chile,Primera División Chile,Coquimbo Unido,Ñublense,1,0,espn_runtime_history,RESULTS_ONLY_ESPN,ESPN,696844
2024-07-20,265,Primera División Chile,Primera División Chile,O'Higgins,Copiapó,2,0,espn_runtime_history,RESULTS_ONLY_ESPN,ESPN,696841
2024-07-20,265,Primera División Chile,Primera División Chile,Universidad Católica,Unión La Calera,2,0,espn_runtime_history,RESULTS_ONLY_ESPN,ESPN,696839
2024-07-21,265,Primera División Chile,Primera División Chile,Cobresal,Universidad de Chile,3,3,espn_runtime_history,RESULTS_ONLY_ESPN,ESPN,696837
2024-07-21,265,Primera División Chile,Primera División Chile,Colo Colo,Unión Española,2,1,espn_runtime_history,RESULTS_ONLY_ESPN,ESPN,696838
2024-07-21,265,Primera División Chile,Primera División Chile,Deportes Iquique,Audax Italiano,2,1,espn_runtime_history,RESULTS_ONLY_ESPN,ESPN,696843
2024-07-21,265,Primera División Chile,Primera División Chile,Palestino,Everton CD,1,4,espn_runtime_history,RESULTS_ONLY_ESPN,ESPN,696840
2024-07-26,265,Primera División Chile,Primera División Chile,Everton CD,Deportes Iquique,1,1,espn_runtime_history,RESULTS_ONLY_ESPN,ESPN,696852
2024-07-27,265,Primera División Chile,Primera División Chile,Colo Colo,O'Higgins,2,1,espn_runtime_history,RESULTS_ONLY_ESPN,ESPN,696850
2024-07-27,265,Primera División Chile,Primera División Chile,Copiapó,Coquimbo Unido,3,0,espn_runtime_history,RESULTS_ONLY_ESPN,ESPN,696849
2024-07-27,265,Primera División Chile,Primera División Chile,Unión Española,Cobresal,2,1,espn_runtime_history,RESULTS_ONLY_ESPN,ESPN,696847
2024-07-28,265,Primera División Chile,Primera División Chile,Audax Italiano,Universidad de Chile,1,0,espn_runtime_history,RESULTS_ONLY_ESPN,ESPN,696845
2024-07-28,265,Primera División Chile,Primera División Chile,Ñublense,Universidad Católica,1,2,espn_runtime_history,RESULTS_ONLY_ESPN,ESPN,696848
2024-07-29,265,Primera División Chile,Primera División Chile,Unión La Calera,Huachipato,2,1,espn_runtime_history,RESULTS_ONLY_ESPN,ESPN,696846
2024-07-30,265,Primera División Chile,Primera División Chile,Cobreloa,Palestino,3,1,espn_runtime_history,RESULTS_ONLY_ESPN,ESPN,696851
2024-08-03,265,Primera División Chile,Primera División Chile,Coquimbo Unido,Unión Española,2,2,espn_runtime_history,RESULTS_ONLY_ESPN,ESPN,696855
2024-08-03,265,Primera División Chile,Primera División Chile,Everton CD,O'Higgins,1,1,espn_runtime_history,RESULTS_ONLY_ESPN,ESPN,696736
2024-08-03,265,Primera División Chile,Primera División Chile,Universidad Católica,Palestino,1,1,espn_runtime_history,RESULTS_ONLY_ESPN,ESPN,696859
2024-08-04,265,Primera División Chile,Primera División Chile,Audax Italiano,Ñublense,0,1,espn_runtime_history,RESULTS_ONLY_ESPN,ESPN,696860
2024-08-04,265,Primera División Chile,Primera División Chile,Cobresal,Cobreloa,3,2,espn_runtime_history,RESULTS_ONLY_ESPN,ESPN,696854
2024-08-04,265,Primera División Chile,Primera División Chile,Deportes Iquique,Unión La Calera,1,1,espn_runtime_history,RESULTS_ONLY_ESPN,ESPN,696856
2024-08-04,265,Primera División Chile,Primera División Chile,Universidad de Chile,Copiapó,1,0,espn_runtime_history,RESULTS_ONLY_ESPN,ESPN,696853
2024-08-09,265,Primera División Chile,Primera División Chile,Huachipato,Cobresal,0,0,espn_runtime_history,RESULTS_ONLY_ESPN,ESPN,696865
2024-08-09,265,Primera División Chile,Primera División Chile,Palestino,O'Higgins,4,1,espn_runtime_history,RESULTS_ONLY_ESPN,ESPN,696861
2024-08-10,265,Primera División Chile,Primera División Chile,Cobreloa,Unión La Calera,2,0,espn_runtime_history,RESULTS_ONLY_ESPN,ESPN,696868
2024-08-10,265,Primera División Chile,Primera División Chile,Copiapó,Ñublense,0,1,espn_runtime_history,RESULTS_ONLY_ESPN,ESPN,696863
2024-08-10,265,Primera División Chile,Primera División Chile,Coquimbo Unido,Deportes Iquique,1,2,espn_runtime_history,RESULTS_ONLY_ESPN,ESPN,696862
2024-08-10,265,Primera División Chile,Primera División Chile,Universidad de Chile,Colo Colo,0,0,espn_runtime_history,RESULTS_ONLY_ESPN,ESPN,696867
2024-08-11,265,Primera División Chile,Primera División Chile,Audax Italiano,Unión Española,1,1,espn_runtime_history,RESULTS_ONLY_ESPN,ESPN,696741
2024-08-11,265,Primera División Chile,Primera División Chile,Everton CD,Universidad Católica,0,0,espn_runtime_history,RESULTS_ONLY_ESPN,ESPN,696864
2024-08-16,265,Primera División Chile,Primera División Chile,Colo Colo,Coquimbo Unido,2,0,espn_runtime_history,RESULTS_ONLY_ESPN,ESPN,696876
2024-08-17,265,Primera División Chile,Primera División Chile,Copiapó,Huachipato,0,2,espn_runtime_history,RESULTS_ONLY_ESPN,ESPN,696875
2024-08-17,265,Primera División Chile,Primera División Chile,O'Higgins,Universidad de Chile,0,4,espn_runtime_history,RESULTS_ONLY_ESPN,ESPN,696874
2024-08-17,265,Primera División Chile,Primera División Chile,Unión Española,Cobreloa,3,0,espn_runtime_history,RESULTS_ONLY_ESPN,ESPN,696873
2024-08-18,265,Primera División Chile,Primera División Chile,Audax Italiano,Universidad Católica,2,1,espn_runtime_history,RESULTS_ONLY_ESPN,ESPN,696869
2024-08-18,265,Primera División Chile,Primera División Chile,Cobresal,Deportes Iquique,2,1,espn_runtime_history,RESULTS_ONLY_ESPN,ESPN,696872
2024-08-18,265,Primera División Chile,Primera División Chile,Unión La Calera,Palestino,2,1,espn_runtime_history,RESULTS_ONLY_ESPN,ESPN,696870
2024-08-18,265,Primera División Chile,Primera División Chile,Ñublense,Everton CD,1,1,espn_runtime_history,RESULTS_ONLY_ESPN,ESPN,696871
2024-08-22,265,Primera División Chile,Primera División Chile,Ñublense,Unión Española,0,0,espn_runtime_history,RESULTS_ONLY_ESPN,ESPN,696884
2024-08-23,265,Primera División Chile,Primera División Chile,Universidad de Chile,Cobreloa,4,0,espn_runtime_history,RESULTS_ONLY_ESPN,ESPN,696879
2024-08-23,265,Primera División Chile,Primera División Chile,Unión La Calera,Copiapó,3,3,espn_runtime_history,RESULTS_ONLY_ESPN,ESPN,696878
2024-08-24,265,Primera División Chile,Primera División Chile,Coquimbo Unido,Audax Italiano,1,1,espn_runtime_history,RESULTS_ONLY_ESPN,ESPN,696877
2024-08-24,265,Primera División Chile,Primera División Chile,Deportes Iquique,O'Higgins,1,3,espn_runtime_history,RESULTS_ONLY_ESPN,ESPN,696883
2024-08-25,265,Primera División Chile,Primera División Chile,Everton CD,Colo Colo,0,1,espn_runtime_history,RESULTS_ONLY_ESPN,ESPN,696882
2024-08-25,265,Primera División Chile,Primera División Chile,Palestino,Cobresal,3,0,espn_runtime_history,RESULTS_ONLY_ESPN,ESPN,696881
2024-08-25,265,Primera División Chile,Primera División Chile,Universidad Católica,Huachipato,4,0,espn_runtime_history,RESULTS_ONLY_ESPN,ESPN,696880
2024-08-27,265,Primera División Chile,Primera División Chile,Universidad de Chile,Unión Española,2,0,espn_runtime_history,RESULTS_ONLY_ESPN,ESPN,696765
2024-08-28,265,Primera División Chile,Primera División Chile,Cobreloa,Coquimbo Unido,1,0,espn_runtime_history,RESULTS_ONLY_ESPN,ESPN,696885
2024-08-28,265,Primera División Chile,Primera División Chile,Cobresal,Universidad Católica,3,1,espn_runtime_history,RESULTS_ONLY_ESPN,ESPN,696890
2024-08-28,265,Primera División Chile,Primera División Chile,Deportes Iquique,Copiapó,2,1,espn_runtime_history,RESULTS_ONLY_ESPN,ESPN,696887
2024-08-28,265,Primera División Chile,Primera División Chile,O'Higgins,Unión La Calera,1,1,espn_runtime_history,RESULTS_ONLY_ESPN,ESPN,696889
2024-08-29,265,Primera División Chile,Primera División Chile,Audax Italiano,Everton CD,1,2,espn_runtime_history,RESULTS_ONLY_ESPN,ESPN,696891
2024-08-29,265,Primera División Chile,Primera División Chile,Colo Colo,Ñublense,2,1,espn_runtime_history,RESULTS_ONLY_ESPN,ESPN,696886
2024-08-30,265,Primera División Chile,Primera División Chile,Huachipato,Palestino,2,2,espn_runtime_history,RESULTS_ONLY_ESPN,ESPN,696888
2024-08-31,265,Primera División Chile,Primera División Chile,Coquimbo Unido,Universidad de Chile,0,1,espn_runtime_history,RESULTS_ONLY_ESPN,ESPN,696894
2024-08-31,265,Primera División Chile,Primera División Chile,Universidad Católica,Deportes Iquique,2,2,espn_runtime_history,RESULTS_ONLY_ESPN,ESPN,696899
2024-09-01,265,Primera División Chile,Primera División Chile,Cobreloa,Colo Colo,0,1,espn_runtime_history,RESULTS_ONLY_ESPN,ESPN,696893
2024-09-01,265,Primera División Chile,Primera División Chile,Copiapó,Cobresal,2,2,espn_runtime_history,RESULTS_ONLY_ESPN,ESPN,696895
2024-09-01,265,Primera División Chile,Primera División Chile,Palestino,Ñublense,1,1,espn_runtime_history,RESULTS_ONLY_ESPN,ESPN,696898
2024-09-02,265,Primera División Chile,Primera División Chile,Unión La Calera,Audax Italiano,2,1,espn_runtime_history,RESULTS_ONLY_ESPN,ESPN,696900
2024-09-08,265,Primera División Chile,Primera División Chile,Huachipato,O'Higgins,1,0,espn_runtime_history,RESULTS_ONLY_ESPN,ESPN,696897
2024-09-14,265,Primera División Chile,Primera División Chile,Audax Italiano,Cobreloa,2,0,espn_runtime_history,RESULTS_ONLY_ESPN,ESPN,696901
2024-09-14,265,Primera División Chile,Primera División Chile,O'Higgins,Coquimbo Unido,1,1,espn_runtime_history,RESULTS_ONLY_ESPN,ESPN,696906
2024-09-14,265,Primera División Chile,Primera División Chile,Ñublense,Cobresal,1,0,espn_runtime_history,RESULTS_ONLY_ESPN,ESPN,696908
2024-09-15,265,Primera División Chile,Primera División Chile,Copiapó,Unión Española,2,3,espn_runtime_history,RESULTS_ONLY_ESPN,ESPN,696903
2024-09-15,265,Primera División Chile,Primera División Chile,Deportes Iquique,Huachipato,3,1,espn_runtime_history,RESULTS_ONLY_ESPN,ESPN,696904
2024-09-15,265,Primera División Chile,Primera División Chile,Universidad de Chile,Palestino,1,0,espn_runtime_history,RESULTS_ONLY_ESPN,ESPN,696907
2024-09-24,265,Primera División Chile,Primera División Chile,Cobreloa,Ñublense,0,1,espn_runtime_history,RESULTS_ONLY_ESPN,ESPN,696909
2024-09-24,265,Primera División Chile,Primera División Chile,Coquimbo Unido,Everton CD,2,2,espn_runtime_history,RESULTS_ONLY_ESPN,ESPN,696911
2024-09-24,265,Primera División Chile,Primera División Chile,Palestino,Deportes Iquique,2,0,espn_runtime_history,RESULTS_ONLY_ESPN,ESPN,696912
2024-09-24,265,Primera División Chile,Primera División Chile,Universidad de Chile,Huachipato,2,1,espn_runtime_history,RESULTS_ONLY_ESPN,ESPN,696914
2024-09-25,265,Primera División Chile,Primera División Chile,Cobresal,Audax Italiano,0,1,espn_runtime_history,RESULTS_ONLY_ESPN,ESPN,696910
2024-09-25,265,Primera División Chile,Primera División Chile,Universidad Católica,Copiapó,4,1,espn_runtime_history,RESULTS_ONLY_ESPN,ESPN,696913
2024-09-25,265,Primera División Chile,Primera División Chile,Unión Española,O'Higgins,0,1,espn_runtime_history,RESULTS_ONLY_ESPN,ESPN,696915
2024-09-28,265,Primera División Chile,Primera División Chile,Colo Colo,Cobresal,2,0,espn_runtime_history,RESULTS_ONLY_ESPN,ESPN,696918
2024-09-28,265,Primera División Chile,Primera División Chile,Everton CD,Cobreloa,2,0,espn_runtime_history,RESULTS_ONLY_ESPN,ESPN,696921
2024-09-29,265,Primera División Chile,Primera División Chile,Copiapó,Palestino,2,1,espn_runtime_history,RESULTS_ONLY_ESPN,ESPN,696919
2024-09-29,265,Primera División Chile,Primera División Chile,Deportes Iquique,Universidad de Chile,3,0,espn_runtime_history,RESULTS_ONLY_ESPN,ESPN,696920
2024-09-29,265,Primera División Chile,Primera División Chile,Universidad Católica,Unión Española,0,2,espn_runtime_history,RESULTS_ONLY_ESPN,ESPN,696923
2024-09-29,265,Primera División Chile,Primera División Chile,Ñublense,Unión La Calera,0,1,espn_runtime_history,RESULTS_ONLY_ESPN,ESPN,696924
2024-09-30,265,Primera División Chile,Primera División Chile,Audax Italiano,O'Higgins,2,0,espn_runtime_history,RESULTS_ONLY_ESPN,ESPN,696917
2024-09-30,265,Primera División Chile,Primera División Chile,Huachipato,Coquimbo Unido,3,2,espn_runtime_history,RESULTS_ONLY_ESPN,ESPN,696922
2024-10-03,265,Primera División Chile,Primera División Chile,Colo Colo,Universidad Católica,1,0,espn_runtime_history,RESULTS_ONLY_ESPN,ESPN,696902
2024-10-05,265,Primera División Chile,Primera División Chile,Cobresal,Everton CD,2,1,espn_runtime_history,RESULTS_ONLY_ESPN,ESPN,696926
2024-10-05,265,Primera División Chile,Primera División Chile,Ñublense,Deportes Iquique,2,0,espn_runtime_history,RESULTS_ONLY_ESPN,ESPN,696932
2024-10-06,265,Primera División Chile,Primera División Chile,Colo Colo,Audax Italiano,2,1,espn_runtime_history,RESULTS_ONLY_ESPN,ESPN,696927
2024-10-06,265,Primera División Chile,Primera División Chile,O'Higgins,Universidad Católica,0,2,espn_runtime_history,RESULTS_ONLY_ESPN,ESPN,696928
2024-10-06,265,Primera División Chile,Primera División Chile,Palestino,Coquimbo Unido,2,0,espn_runtime_history,RESULTS_ONLY_ESPN,ESPN,696929
2024-10-06,265,Primera División Chile,Primera División Chile,Universidad de Chile,Unión La Calera,1,0,espn_runtime_history,RESULTS_ONLY_ESPN,ESPN,696930
2024-10-06,265,Primera División Chile,Primera División Chile,Unión Española,Huachipato,3,1,espn_runtime_history,RESULTS_ONLY_ESPN,ESPN,696931
2024-10-07,265,Primera División Chile,Primera División Chile,Cobreloa,Copiapó,4,1,espn_runtime_history,RESULTS_ONLY_ESPN,ESPN,696925
2024-10-12,265,Primera División Chile,Primera División Chile,Everton CD,Unión La Calera,0,1,espn_runtime_history,RESULTS_ONLY_ESPN,ESPN,696905
2024-10-13,265,Primera División Chile,Primera División Chile,Huachipato,Colo Colo,1,2,espn_runtime_history,RESULTS_ONLY_ESPN,ESPN,696857
2024-10-16,265,Primera División Chile,Primera División Chile,Unión La Calera,Colo Colo,0,1,espn_runtime_history,RESULTS_ONLY_ESPN,ESPN,696916
2024-10-19,265,Primera División Chile,Primera División Chile,O'Higgins,Ñublense,1,3,espn_runtime_history,RESULTS_ONLY_ESPN,ESPN,696937
2024-10-19,265,Primera División Chile,Primera División Chile,Universidad Católica,Universidad de Chile,1,2,espn_runtime_history,RESULTS_ONLY_ESPN,ESPN,696939
2024-10-20,265,Primera División Chile,Primera División Chile,Audax Italiano,Huachipato,0,2,espn_runtime_history,RESULTS_ONLY_ESPN,ESPN,696813
2024-10-20,265,Primera División Chile,Primera División Chile,Copiapó,Everton CD,3,5,espn_runtime_history,RESULTS_ONLY_ESPN,ESPN,696934
2024-10-20,265,Primera División Chile,Primera División Chile,Coquimbo Unido,Cobresal,2,0,espn_runtime_history,RESULTS_ONLY_ESPN,ESPN,696933
2024-10-20,265,Primera División Chile,Primera División Chile,Deportes Iquique,Cobreloa,4,1,espn_runtime_history,RESULTS_ONLY_ESPN,ESPN,696935
2024-10-20,265,Primera División Chile,Primera División Chile,Palestino,Colo Colo,2,3,espn_runtime_history,RESULTS_ONLY_ESPN,ESPN,696938
2024-10-20,265,Primera División Chile,Primera División Chile,Unión La Calera,Unión Española,0,2,espn_runtime_history,RESULTS_ONLY_ESPN,ESPN,696940
2024-11-02,265,Primera División Chile,Primera División Chile,Audax Italiano,Copiapó,4,1,espn_runtime_history,RESULTS_ONLY_ESPN,ESPN,696941
2024-11-02,265,Primera División Chile,Primera División Chile,Cobreloa,Universidad Católica,2,2,espn_runtime_history,RESULTS_ONLY_ESPN,ESPN,696942
2024-11-02,265,Primera División Chile,Primera División Chile,Cobresal,O'Higgins,3,1,espn_runtime_history,RESULTS_ONLY_ESPN,ESPN,696943
2024-11-02,265,Primera División Chile,Primera División Chile,Coquimbo Unido,Unión La Calera,0,0,espn_runtime_history,RESULTS_ONLY_ESPN,ESPN,696945
2024-11-02,265,Primera División Chile,Primera División Chile,Everton CD,Huachipato,1,0,espn_runtime_history,RESULTS_ONLY_ESPN,ESPN,696946
2024-11-02,265,Primera División Chile,Primera División Chile,Unión Española,Palestino,2,3,espn_runtime_history,RESULTS_ONLY_ESPN,ESPN,696947
2024-11-03,265,Primera División Chile,Primera División Chile,Colo Colo,Deportes Iquique,3,0,espn_runtime_history,RESULTS_ONLY_ESPN,ESPN,696944
2024-11-03,265,Primera División Chile,Primera División Chile,Ñublense,Universidad de Chile,1,4,espn_runtime_history,RESULTS_ONLY_ESPN,ESPN,696948
2024-11-09,265,Primera División Chile,Primera División Chile,Deportes Iquique,Unión Española,2,0,espn_runtime_history,RESULTS_ONLY_ESPN,ESPN,696950
2024-11-09,265,Primera División Chile,Primera División Chile,Universidad Católica,Coquimbo Unido,1,2,espn_runtime_history,RESULTS_ONLY_ESPN,ESPN,696954
2024-11-10,265,Primera División Chile,Primera División Chile,Copiapó,Colo Colo,1,1,espn_runtime_history,RESULTS_ONLY_ESPN,ESPN,696949
2024-11-10,265,Primera División Chile,Primera División Chile,Huachipato,Ñublense,1,0,espn_runtime_history,RESULTS_ONLY_ESPN,ESPN,696951
2024-11-10,265,Primera División Chile,Primera División Chile,O'Higgins,Cobreloa,0,3,espn_runtime_history,RESULTS_ONLY_ESPN,ESPN,696952
2024-11-10,265,Primera División Chile,Primera División Chile,Palestino,Audax Italiano,2,0,espn_runtime_history,RESULTS_ONLY_ESPN,ESPN,696953
2024-11-10,265,Primera División Chile,Primera División Chile,Universidad de Chile,Everton CD,1,1,espn_runtime_history,RESULTS_ONLY_ESPN,ESPN,696955
2024-11-10,265,Primera División Chile,Primera División Chile,Unión La Calera,Cobresal,3,0,espn_runtime_history,RESULTS_ONLY_ESPN,ESPN,696956
2025-02-15,265,Primera División Chile,Primera División Chile,Deportes Iquique,Coquimbo Unido,0,3,espn_runtime_history,RESULTS_ONLY_ESPN,ESPN,731064
2025-02-15,265,Primera División Chile,Primera División Chile,O'Higgins,Huachipato,0,0,espn_runtime_history,RESULTS_ONLY_ESPN,ESPN,731067
2025-02-15,265,Primera División Chile,Primera División Chile,Palestino,Cobresal,2,1,espn_runtime_history,RESULTS_ONLY_ESPN,ESPN,731068
2025-02-15,265,Primera División Chile,Primera División Chile,Universidad de Chile,Ñublense,5,0,espn_runtime_history,RESULTS_ONLY_ESPN,ESPN,731070
2025-02-16,265,Primera División Chile,Primera División Chile,Deportes Limache,Everton CD,1,1,espn_runtime_history,RESULTS_ONLY_ESPN,ESPN,731065
2025-02-16,265,Primera División Chile,Primera División Chile,La Serena,Colo Colo,1,3,espn_runtime_history,RESULTS_ONLY_ESPN,ESPN,731066
2025-02-17,265,Primera División Chile,Primera División Chile,Universidad Católica,Audax Italiano,3,1,espn_runtime_history,RESULTS_ONLY_ESPN,ESPN,731069
2025-02-17,265,Primera División Chile,Primera División Chile,Unión La Calera,Unión Española,4,0,espn_runtime_history,RESULTS_ONLY_ESPN,ESPN,731071
2025-02-21,265,Primera División Chile,Primera División Chile,Audax Italiano,Deportes Iquique,4,2,espn_runtime_history,RESULTS_ONLY_ESPN,ESPN,731072
2025-02-21,265,Primera División Chile,Primera División Chile,Unión Española,Palestino,0,3,espn_runtime_history,RESULTS_ONLY_ESPN,ESPN,731078
2025-02-22,265,Primera División Chile,Primera División Chile,Coquimbo Unido,Universidad Católica,1,0,espn_runtime_history,RESULTS_ONLY_ESPN,ESPN,731075
2025-02-22,265,Primera División Chile,Primera División Chile,Ñublense,Deportes Limache,1,1,espn_runtime_history,RESULTS_ONLY_ESPN,ESPN,731079
2025-02-23,265,Primera División Chile,Primera División Chile,Cobresal,La Serena,3,1,espn_runtime_history,RESULTS_ONLY_ESPN,ESPN,731073
2025-02-23,265,Primera División Chile,Primera División Chile,Huachipato,Everton CD,4,0,espn_runtime_history,RESULTS_ONLY_ESPN,ESPN,731076
2025-02-23,265,Primera División Chile,Primera División Chile,Universidad de Chile,Unión La Calera,1,0,espn_runtime_history,RESULTS_ONLY_ESPN,ESPN,731077
2025-02-24,265,Primera División Chile,Primera División Chile,Colo Colo,O'Higgins,0,1,espn_runtime_history,RESULTS_ONLY_ESPN,ESPN,731074
2025-02-28,265,Primera División Chile,Primera División Chile,Deportes Limache,Coquimbo Unido,1,2,espn_runtime_history,RESULTS_ONLY_ESPN,ESPN,731081
2025-03-01,265,Primera División Chile,Primera División Chile,Everton CD,Ñublense,1,2,espn_runtime_history,RESULTS_ONLY_ESPN,ESPN,731082
2025-03-01,265,Primera División Chile,Primera División Chile,La Serena,Unión Española,1,0,espn_runtime_history,RESULTS_ONLY_ESPN,ESPN,731084
2025-03-01,265,Primera División Chile,Primera División Chile,Palestino,Audax Italiano,0,2,espn_runtime_history,RESULTS_ONLY_ESPN,ESPN,731085
2025-03-01,265,Primera División Chile,Primera División Chile,Universidad Católica,Deportes Iquique,1,0,espn_runtime_history,RESULTS_ONLY_ESPN,ESPN,731086
2025-03-02,265,Primera División Chile,Primera División Chile,Cobresal,Universidad de Chile,2,1,espn_runtime_history,RESULTS_ONLY_ESPN,ESPN,731080
2025-03-02,265,Primera División Chile,Primera División Chile,Huachipato,Colo Colo,2,1,espn_runtime_history,RESULTS_ONLY_ESPN,ESPN,731083
2025-03-02,265,Primera División Chile,Primera División Chile,Unión La Calera,O'Higgins,2,2,espn_runtime_history,RESULTS_ONLY_ESPN,ESPN,731087
2025-03-07,265,Primera División Chile,Primera División Chile,Unión La Calera,Huachipato,1,0,espn_runtime_history,RESULTS_ONLY_ESPN,ESPN,731094
2025-03-08,265,Primera División Chile,Primera División Chile,Audax Italiano,Deportes Limache,3,1,espn_runtime_history,RESULTS_ONLY_ESPN,ESPN,731088
2025-03-08,265,Primera División Chile,Primera División Chile,Deportes Iquique,Palestino,1,3,espn_runtime_history,RESULTS_ONLY_ESPN,ESPN,731091
2025-03-08,265,Primera División Chile,Primera División Chile,Ñublense,Universidad Católica,1,1,espn_runtime_history,RESULTS_ONLY_ESPN,ESPN,731095
2025-03-09,265,Primera División Chile,Primera División Chile,Colo Colo,Everton CD,2,0,espn_runtime_history,RESULTS_ONLY_ESPN,ESPN,731089
2025-03-09,265,Primera División Chile,Primera División Chile,Coquimbo Unido,Cobresal,1,1,espn_runtime_history,RESULTS_ONLY_ESPN,ESPN,731090
2025-03-09,265,Primera División Chile,Primera División Chile,O'Higgins,La Serena,1,1,espn_runtime_history,RESULTS_ONLY_ESPN,ESPN,731092
2025-03-14,265,Primera División Chile,Primera División Chile,Audax Italiano,Universidad de Chile,1,1,espn_runtime_history,RESULTS_ONLY_ESPN,ESPN,731216
2025-03-14,265,Primera División Chile,Primera División Chile,Deportes Limache,Huachipato,2,3,espn_runtime_history,RESULTS_ONLY_ESPN,ESPN,731098
2025-03-15,265,Primera División Chile,Primera División Chile,Everton CD,Coquimbo Unido,0,0,espn_runtime_history,RESULTS_ONLY_ESPN,ESPN,731099
2025-03-16,265,Primera División Chile,Primera División Chile,Cobresal,O'Higgins,0,0,espn_runtime_history,RESULTS_ONLY_ESPN,ESPN,731096
2025-03-16,265,Primera División Chile,Primera División Chile,Deportes Iquique,Unión Española,0,4,espn_runtime_history,RESULTS_ONLY_ESPN,ESPN,731097
2025-03-16,265,Primera División Chile,Primera División Chile,La Serena,Unión La Calera,1,0,espn_runtime_history,RESULTS_ONLY_ESPN,ESPN,731100
2025-03-16,265,Primera División Chile,Primera División Chile,Palestino,Ñublense,2,0,espn_runtime_history,RESULTS_ONLY_ESPN,ESPN,731101
2025-03-27,265,Primera División Chile,Primera División Chile,Colo Colo,Palestino,1,1,espn_runtime_history,RESULTS_ONLY_ESPN,ESPN,731104
2025-03-27,265,Primera División Chile,Primera División Chile,Everton CD,Universidad de Chile,2,0,espn_runtime_history,RESULTS_ONLY_ESPN,ESPN,731106
2025-03-28,265,Primera División Chile,Primera División Chile,Unión Española,Universidad Católica,1,2,espn_runtime_history,RESULTS_ONLY_ESPN,ESPN,731109
2025-03-28,265,Primera División Chile,Primera División Chile,Ñublense,Deportes Iquique,1,1,espn_runtime_history,RESULTS_ONLY_ESPN,ESPN,731111
2025-03-29,265,Primera División Chile,Primera División Chile,O'Higgins,Deportes Limache,3,1,espn_runtime_history,RESULTS_ONLY_ESPN,ESPN,731108
2025-03-30,265,Primera División Chile,Primera División Chile,Coquimbo Unido,Audax Italiano,2,1,espn_runtime_history,RESULTS_ONLY_ESPN,ESPN,731105
2025-03-30,265,Primera División Chile,Primera División Chile,Huachipato,La Serena,3,1,espn_runtime_history,RESULTS_ONLY_ESPN,ESPN,731107
2025-03-30,265,Primera División Chile,Primera División Chile,Unión La Calera,Cobresal,2,1,espn_runtime_history,RESULTS_ONLY_ESPN,ESPN,731110
2025-04-12,265,Primera División Chile,Primera División Chile,Cobresal,Universidad Católica,1,1,espn_runtime_history,RESULTS_ONLY_ESPN,ESPN,731113
2025-04-12,265,Primera División Chile,Primera División Chile,Coquimbo Unido,Huachipato,0,0,espn_runtime_history,RESULTS_ONLY_ESPN,ESPN,731114
2025-04-13,265,Primera División Chile,Primera División Chile,Audax Italiano,O'Higgins,1,0,espn_runtime_history,RESULTS_ONLY_ESPN,ESPN,731112
2025-04-13,265,Primera División Chile,Primera División Chile,La Serena,Everton CD,2,1,espn_runtime_history,RESULTS_ONLY_ESPN,ESPN,731116
2025-04-14,265,Primera División Chile,Primera División Chile,Palestino,Unión La Calera,1,0,espn_runtime_history,RESULTS_ONLY_ESPN,ESPN,731117
2025-04-14,265,Primera División Chile,Primera División Chile,Unión Española,Ñublense,3,0,espn_runtime_history,RESULTS_ONLY_ESPN,ESPN,731119
2025-04-15,265,Primera División Chile,Primera División Chile,Deportes Limache,Deportes Iquique,2,0,espn_runtime_history,RESULTS_ONLY_ESPN,ESPN,731115
2025-04-17,265,Primera División Chile,Primera División Chile,Universidad de Chile,La Serena,3,1,espn_runtime_history,RESULTS_ONLY_ESPN,ESPN,731126
2025-04-18,265,Primera División Chile,Primera División Chile,Audax Italiano,Unión Española,2,0,espn_runtime_history,RESULTS_ONLY_ESPN,ESPN,731120
2025-04-19,265,Primera División Chile,Primera División Chile,Huachipato,Cobresal,0,1,espn_runtime_history,RESULTS_ONLY_ESPN,ESPN,731123
2025-04-19,265,Primera División Chile,Primera División Chile,Universidad Católica,Deportes Limache,2,1,espn_runtime_history,RESULTS_ONLY_ESPN,ESPN,731125
2025-04-20,265,Primera División Chile,Primera División Chile,Everton CD,Unión La Calera,1,1,espn_runtime_history,RESULTS_ONLY_ESPN,ESPN,731122
2025-04-20,265,Primera División Chile,Primera División Chile,O'Higgins,Palestino,1,0,espn_runtime_history,RESULTS_ONLY_ESPN,ESPN,731124
2025-04-21,265,Primera División Chile,Primera División Chile,Ñublense,Coquimbo Unido,0,0,espn_runtime_history,RESULTS_ONLY_ESPN,ESPN,731127
2025-04-25,265,Primera División Chile,Primera División Chile,Unión La Calera,Audax Italiano,1,0,espn_runtime_history,RESULTS_ONLY_ESPN,ESPN,731135
2025-04-25,265,Primera División Chile,Primera División Chile,Ñublense,La Serena,2,0,espn_runtime_history,RESULTS_ONLY_ESPN,ESPN,731255
2025-04-26,265,Primera División Chile,Primera División Chile,Cobresal,Deportes Limache,3,1,espn_runtime_history,RESULTS_ONLY_ESPN,ESPN,731128
2025-04-26,265,Primera División Chile,Primera División Chile,Colo Colo,Coquimbo Unido,2,0,espn_runtime_history,RESULTS_ONLY_ESPN,ESPN,731129
2025-04-26,265,Primera División Chile,Primera División Chile,Universidad Católica,Everton CD,6,0,espn_runtime_history,RESULTS_ONLY_ESPN,ESPN,731134
2025-04-27,265,Primera División Chile,Primera División Chile,Huachipato,Unión Española,2,1,espn_runtime_history,RESULTS_ONLY_ESPN,ESPN,731130
2025-04-27,265,Primera División Chile,Primera División Chile,O'Higgins,Deportes Iquique,2,2,espn_runtime_history,RESULTS_ONLY_ESPN,ESPN,731132
2025-04-27,265,Primera División Chile,Primera División Chile,Palestino,Universidad de Chile,2,3,espn_runtime_history,RESULTS_ONLY_ESPN,ESPN,731133
2025-05-02,265,Primera División Chile,Primera División Chile,Deportes Limache,Colo Colo,1,0,espn_runtime_history,RESULTS_ONLY_ESPN,ESPN,731142
2025-05-03,265,Primera División Chile,Primera División Chile,Coquimbo Unido,O'Higgins,2,0,espn_runtime_history,RESULTS_ONLY_ESPN,ESPN,731137
2025-05-03,265,Primera División Chile,Primera División Chile,Everton CD,Palestino,1,2,espn_runtime_history,RESULTS_ONLY_ESPN,ESPN,731141
2025-05-03,265,Primera División Chile,Primera División Chile,Universidad de Chile,Universidad Católica,1,0,espn_runtime_history,RESULTS_ONLY_ESPN,ESPN,731140
2025-05-03,265,Primera División Chile,Primera División Chile,Unión Española,Cobresal,0,1,espn_runtime_history,RESULTS_ONLY_ESPN,ESPN,731139
2025-05-04,265,Primera División Chile,Primera División Chile,Audax Italiano,La Serena,2,1,espn_runtime_history,RESULTS_ONLY_ESPN,ESPN,731143
2025-05-04,265,Primera División Chile,Primera División Chile,Deportes Iquique,Huachipato,3,0,espn_runtime_history,RESULTS_ONLY_ESPN,ESPN,731136
2025-05-05,265,Primera División Chile,Primera División Chile,Ñublense,Unión La Calera,1,1,espn_runtime_history,RESULTS_ONLY_ESPN,ESPN,731138
2025-05-17,265,Primera División Chile,Primera División Chile,Cobresal,Audax Italiano,0,1,espn_runtime_history,RESULTS_ONLY_ESPN,ESPN,731149
2025-05-17,265,Primera División Chile,Primera División Chile,O'Higgins,Universidad Católica,2,0,espn_runtime_history,RESULTS_ONLY_ESPN,ESPN,731151
2025-05-17,265,Primera División Chile,Primera División Chile,Unión La Calera,Coquimbo Unido,0,1,espn_runtime_history,RESULTS_ONLY_ESPN,ESPN,731147
2025-05-18,265,Primera División Chile,Primera División Chile,Deportes Limache,Palestino,0,1,espn_runtime_history,RESULTS_ONLY_ESPN,ESPN,731267
2025-05-18,265,Primera División Chile,Primera División Chile,Universidad de Chile,Huachipato,5,1,espn_runtime_history,RESULTS_ONLY_ESPN,ESPN,731270
2025-05-19,265,Primera División Chile,Primera División Chile,Colo Colo,Ñublense,2,2,espn_runtime_history,RESULTS_ONLY_ESPN,ESPN,731150
2025-05-19,265,Primera División Chile,Primera División Chile,Unión Española,Everton CD,0,3,espn_runtime_history,RESULTS_ONLY_ESPN,ESPN,731146
2025-05-20,265,Primera División Chile,Primera División Chile,La Serena,Deportes Iquique,2,1,espn_runtime_history,RESULTS_ONLY_ESPN,ESPN,731148
2025-05-23,265,Primera División Chile,Primera División Chile,Deportes Limache,Universidad de Chile,2,0,espn_runtime_history,RESULTS_ONLY_ESPN,ESPN,731152
2025-05-24,265,Primera División Chile,Primera División Chile,Colo Colo,Unión Española,4,1,espn_runtime_history,RESULTS_ONLY_ESPN,ESPN,731156
2025-05-24,265,Primera División Chile,Primera División Chile,Everton CD,Cobresal,2,2,espn_runtime_history,RESULTS_ONLY_ESPN,ESPN,731159
2025-05-25,265,Primera División Chile,Primera División Chile,Coquimbo Unido,Palestino,0,0,espn_runtime_history,RESULTS_ONLY_ESPN,ESPN,731157
2025-05-25,265,Primera División Chile,Primera División Chile,Universidad Católica,La Serena,1,3,espn_runtime_history,RESULTS_ONLY_ESPN,ESPN,731158
2025-05-25,265,Primera División Chile,Primera División Chile,Ñublense,O'Higgins,0,1,espn_runtime_history,RESULTS_ONLY_ESPN,ESPN,731154
2025-05-26,265,Primera División Chile,Primera División Chile,Audax Italiano,Huachipato,4,3,espn_runtime_history,RESULTS_ONLY_ESPN,ESPN,731155
2025-05-26,265,Primera División Chile,Primera División Chile,Deportes Iquique,Unión La Calera,0,1,espn_runtime_history,RESULTS_ONLY_ESPN,ESPN,731153
2025-05-31,265,Primera División Chile,Primera División Chile,Huachipato,Ñublense,0,1,espn_runtime_history,RESULTS_ONLY_ESPN,ESPN,731162
2025-05-31,265,Primera División Chile,Primera División Chile,La Serena,Coquimbo Unido,2,4,espn_runtime_history,RESULTS_ONLY_ESPN,ESPN,731163
2025-05-31,265,Primera División Chile,Primera División Chile,Universidad de Chile,O'Higgins,6,0,espn_runtime_history,RESULTS_ONLY_ESPN,ESPN,731165
2025-06-01,265,Primera División Chile,Primera División Chile,Palestino,Universidad Católica,1,1,espn_runtime_history,RESULTS_ONLY_ESPN,ESPN,731164
2025-06-01,265,Primera División Chile,Primera División Chile,Unión La Calera,Colo Colo,0,1,espn_runtime_history,RESULTS_ONLY_ESPN,ESPN,731167
2025-06-02,265,Primera División Chile,Primera División Chile,Cobresal,Deportes Iquique,2,1,espn_runtime_history,RESULTS_ONLY_ESPN,ESPN,731160
2025-06-03,265,Primera División Chile,Primera División Chile,Unión Española,Deportes Limache,2,2,espn_runtime_history,RESULTS_ONLY_ESPN,ESPN,731166
2025-06-13,265,Primera División Chile,Primera División Chile,Deportes Iquique,Colo Colo,2,2,espn_runtime_history,RESULTS_ONLY_ESPN,ESPN,731121
2025-06-14,265,Primera División Chile,Primera División Chile,Deportes Limache,Unión La Calera,0,1,espn_runtime_history,RESULTS_ONLY_ESPN,ESPN,731171
2025-06-14,265,Primera División Chile,Primera División Chile,Palestino,La Serena,2,1,espn_runtime_history,RESULTS_ONLY_ESPN,ESPN,731173
2025-06-14,265,Primera División Chile,Primera División Chile,Universidad Católica,Huachipato,1,0,espn_runtime_history,RESULTS_ONLY_ESPN,ESPN,731174
2025-06-15,265,Primera División Chile,Primera División Chile,Coquimbo Unido,Universidad de Chile,1,0,espn_runtime_history,RESULTS_ONLY_ESPN,ESPN,731169
2025-06-15,265,Primera División Chile,Primera División Chile,O'Higgins,Unión Española,1,0,espn_runtime_history,RESULTS_ONLY_ESPN,ESPN,731172
2025-06-16,265,Primera División Chile,Primera División Chile,Ñublense,Audax Italiano,2,3,espn_runtime_history,RESULTS_ONLY_ESPN,ESPN,731175
2025-06-17,265,Primera División Chile,Primera División Chile,Colo Colo,Cobresal,4,0,espn_runtime_history,RESULTS_ONLY_ESPN,ESPN,731168
2025-06-17,265,Primera División Chile,Primera División Chile,Deportes Iquique,Everton CD,1,2,espn_runtime_history,RESULTS_ONLY_ESPN,ESPN,731170
2025-06-20,265,Primera División Chile,Primera División Chile,Unión La Calera,Universidad Católica,1,1,espn_runtime_history,RESULTS_ONLY_ESPN,ESPN,731183
2025-06-21,265,Primera División Chile,Primera División Chile,Huachipato,Palestino,2,2,espn_runtime_history,RESULTS_ONLY_ESPN,ESPN,731179
2025-06-21,265,Primera División Chile,Primera División Chile,Universidad de Chile,Deportes Iquique,3,1,espn_runtime_history,RESULTS_ONLY_ESPN,ESPN,731181
2025-06-21,265,Primera División Chile,Primera División Chile,Unión Española,Coquimbo Unido,0,2,espn_runtime_history,RESULTS_ONLY_ESPN,ESPN,731182
2025-06-22,265,Primera División Chile,Primera División Chile,Audax Italiano,Colo Colo,2,1,espn_runtime_history,RESULTS_ONLY_ESPN,ESPN,731176
2025-06-22,265,Primera División Chile,Primera División Chile,Cobresal,Ñublense,1,1,espn_runtime_history,RESULTS_ONLY_ESPN,ESPN,731177
2025-06-22,265,Primera División Chile,Primera División Chile,La Serena,Deportes Limache,1,1,espn_runtime_history,RESULTS_ONLY_ESPN,ESPN,731180
2025-06-23,265,Primera División Chile,Primera División Chile,Everton CD,O'Higgins,0,1,espn_runtime_history,RESULTS_ONLY_ESPN,ESPN,731178
2025-07-05,265,Primera División Chile,Primera División Chile,Unión Española,Universidad de Chile,0,2,espn_runtime_history,RESULTS_ONLY_ESPN,ESPN,731093
2025-07-06,265,Primera División Chile,Primera División Chile,Universidad Católica,Colo Colo,2,0,espn_runtime_history,RESULTS_ONLY_ESPN,ESPN,731102
2025-07-12,265,Primera División Chile,Primera División Chile,Universidad de Chile,Colo Colo,2,1,espn_runtime_history,RESULTS_ONLY_ESPN,ESPN,731118
2025-07-18,265,Primera División Chile,Primera División Chile,Everton CD,Deportes Limache,0,0,espn_runtime_history,RESULTS_ONLY_ESPN,ESPN,731189
2025-07-19,265,Primera División Chile,Primera División Chile,Colo Colo,La Serena,2,1,espn_runtime_history,RESULTS_ONLY_ESPN,ESPN,731191
2025-07-19,265,Primera División Chile,Primera División Chile,Coquimbo Unido,Deportes Iquique,4,1,espn_runtime_history,RESULTS_ONLY_ESPN,ESPN,731190
2025-07-19,265,Primera División Chile,Primera División Chile,Unión Española,Unión La Calera,3,1,espn_runtime_history,RESULTS_ONLY_ESPN,ESPN,731187
2025-07-20,265,Primera División Chile,Primera División Chile,Audax Italiano,Universidad Católica,1,1,espn_runtime_history,RESULTS_ONLY_ESPN,ESPN,731184
2025-07-20,265,Primera División Chile,Primera División Chile,Ñublense,Universidad de Chile,2,2,espn_runtime_history,RESULTS_ONLY_ESPN,ESPN,731186
2025-07-21,265,Primera División Chile,Primera División Chile,Huachipato,O'Higgins,2,1,espn_runtime_history,RESULTS_ONLY_ESPN,ESPN,731188
2025-07-25,265,Primera División Chile,Primera División Chile,Deportes Limache,Ñublense,0,1,espn_runtime_history,RESULTS_ONLY_ESPN,ESPN,731198
2025-07-26,265,Primera División Chile,Primera División Chile,Everton CD,Huachipato,4,1,espn_runtime_history,RESULTS_ONLY_ESPN,ESPN,731197
2025-07-26,265,Primera División Chile,Primera División Chile,La Serena,Cobresal,0,2,espn_runtime_history,RESULTS_ONLY_ESPN,ESPN,731199
2025-07-27,265,Primera División Chile,Primera División Chile,Deportes Iquique,Audax Italiano,1,0,espn_runtime_history,RESULTS_ONLY_ESPN,ESPN,731192
2025-07-27,265,Primera División Chile,Primera División Chile,O'Higgins,Colo Colo,1,1,espn_runtime_history,RESULTS_ONLY_ESPN,ESPN,731195
2025-07-27,265,Primera División Chile,Primera División Chile,Palestino,Unión Española,1,0,espn_runtime_history,RESULTS_ONLY_ESPN,ESPN,731194
2025-07-27,265,Primera División Chile,Primera División Chile,Universidad Católica,Coquimbo Unido,0,3,espn_runtime_history,RESULTS_ONLY_ESPN,ESPN,731193
2025-07-28,265,Primera División Chile,Primera División Chile,Unión La Calera,Universidad de Chile,0,4,espn_runtime_history,RESULTS_ONLY_ESPN,ESPN,731196
2025-08-01,265,Primera División Chile,Primera División Chile,Audax Italiano,Palestino,1,1,espn_runtime_history,RESULTS_ONLY_ESPN,ESPN,731202
2025-08-02,265,Primera División Chile,Primera División Chile,Coquimbo Unido,Deportes Limache,2,1,espn_runtime_history,RESULTS_ONLY_ESPN,ESPN,731207
2025-08-02,265,Primera División Chile,Primera División Chile,Deportes Iquique,Universidad Católica,2,2,espn_runtime_history,RESULTS_ONLY_ESPN,ESPN,731203
2025-08-02,265,Primera División Chile,Primera División Chile,Unión Española,La Serena,1,0,espn_runtime_history,RESULTS_ONLY_ESPN,ESPN,731206
2025-08-03,265,Primera División Chile,Primera División Chile,Colo Colo,Huachipato,2,2,espn_runtime_history,RESULTS_ONLY_ESPN,ESPN,731201
2025-08-03,265,Primera División Chile,Primera División Chile,O'Higgins,Unión La Calera,1,0,espn_runtime_history,RESULTS_ONLY_ESPN,ESPN,731204
2025-08-03,265,Primera División Chile,Primera División Chile,Ñublense,Everton CD,1,0,espn_runtime_history,RESULTS_ONLY_ESPN,ESPN,731200
2025-08-04,265,Primera División Chile,Primera División Chile,Universidad de Chile,Cobresal,0,1,espn_runtime_history,RESULTS_ONLY_ESPN,ESPN,731205
2025-08-08,265,Primera División Chile,Primera División Chile,Palestino,Deportes Iquique,2,0,espn_runtime_history,RESULTS_ONLY_ESPN,ESPN,731213
2025-08-09,265,Primera División Chile,Primera División Chile,Huachipato,Unión La Calera,1,0,espn_runtime_history,RESULTS_ONLY_ESPN,ESPN,731211
2025-08-09,265,Primera División Chile,Primera División Chile,La Serena,O'Higgins,3,3,espn_runtime_history,RESULTS_ONLY_ESPN,ESPN,731212
2025-08-09,265,Primera División Chile,Primera División Chile,Universidad de Chile,Unión Española,4,1,espn_runtime_history,RESULTS_ONLY_ESPN,ESPN,731215
2025-08-10,265,Primera División Chile,Primera División Chile,Cobresal,Coquimbo Unido,1,2,espn_runtime_history,RESULTS_ONLY_ESPN,ESPN,731208
2025-08-10,265,Primera División Chile,Primera División Chile,Everton CD,Colo Colo,1,1,espn_runtime_history,RESULTS_ONLY_ESPN,ESPN,731210
2025-08-11,265,Primera División Chile,Primera División Chile,Deportes Limache,Audax Italiano,4,0,espn_runtime_history,RESULTS_ONLY_ESPN,ESPN,731209
2025-08-15,265,Primera División Chile,Primera División Chile,Unión Española,Deportes Iquique,2,2,espn_runtime_history,RESULTS_ONLY_ESPN,ESPN,731221
2025-08-16,265,Primera División Chile,Primera División Chile,Colo Colo,Universidad Católica,1,4,espn_runtime_history,RESULTS_ONLY_ESPN,ESPN,731217
2025-08-16,265,Primera División Chile,Primera División Chile,O'Higgins,Cobresal,1,0,espn_runtime_history,RESULTS_ONLY_ESPN,ESPN,731220
2025-08-16,265,Primera División Chile,Primera División Chile,Unión La Calera,La Serena,1,1,espn_runtime_history,RESULTS_ONLY_ESPN,ESPN,731222
2025-08-16,265,Primera División Chile,Primera División Chile,Ñublense,Palestino,1,0,espn_runtime_history,RESULTS_ONLY_ESPN,ESPN,731223
2025-08-17,265,Primera División Chile,Primera División Chile,Coquimbo Unido,Everton CD,2,1,espn_runtime_history,RESULTS_ONLY_ESPN,ESPN,731218
2025-08-17,265,Primera División Chile,Primera División Chile,Huachipato,Deportes Limache,4,0,espn_runtime_history,RESULTS_ONLY_ESPN,ESPN,731219
2025-08-17,265,Primera División Chile,Primera División Chile,Universidad de Chile,Audax Italiano,1,3,espn_runtime_history,RESULTS_ONLY_ESPN,ESPN,731103
2025-08-22,265,Primera División Chile,Primera División Chile,Palestino,Colo Colo,0,0,espn_runtime_history,RESULTS_ONLY_ESPN,ESPN,731229
2025-08-23,265,Primera División Chile,Primera División Chile,Audax Italiano,Coquimbo Unido,0,1,espn_runtime_history,RESULTS_ONLY_ESPN,ESPN,731224
2025-08-23,265,Primera División Chile,Primera División Chile,Cobresal,Unión La Calera,1,0,espn_runtime_history,RESULTS_ONLY_ESPN,ESPN,731225
2025-08-23,265,Primera División Chile,Primera División Chile,Deportes Limache,O'Higgins,2,2,espn_runtime_history,RESULTS_ONLY_ESPN,ESPN,731227
2025-08-24,265,Primera División Chile,Primera División Chile,Deportes Iquique,Ñublense,0,2,espn_runtime_history,RESULTS_ONLY_ESPN,ESPN,731226
2025-08-24,265,Primera División Chile,Primera División Chile,La Serena,Huachipato,0,2,espn_runtime_history,RESULTS_ONLY_ESPN,ESPN,731228
2025-08-24,265,Primera División Chile,Primera División Chile,Universidad Católica,Unión Española,2,0,espn_runtime_history,RESULTS_ONLY_ESPN,ESPN,731230
2025-08-28,265,Primera División Chile,Primera División Chile,Everton CD,La Serena,3,1,espn_runtime_history,RESULTS_ONLY_ESPN,ESPN,731235
2025-08-29,265,Primera División Chile,Primera División Chile,Unión La Calera,Palestino,1,2,espn_runtime_history,RESULTS_ONLY_ESPN,ESPN,731234
2025-08-30,265,Primera División Chile,Primera División Chile,Huachipato,Coquimbo Unido,0,1,espn_runtime_history,RESULTS_ONLY_ESPN,ESPN,731238
2025-08-30,265,Primera División Chile,Primera División Chile,O'Higgins,Audax Italiano,3,2,espn_runtime_history,RESULTS_ONLY_ESPN,ESPN,731237
2025-08-30,265,Primera División Chile,Primera División Chile,Universidad Católica,Cobresal,2,1,espn_runtime_history,RESULTS_ONLY_ESPN,ESPN,731233
2025-08-31,265,Primera División Chile,Primera División Chile,Colo Colo,Universidad de Chile,1,0,espn_runtime_history,RESULTS_ONLY_ESPN,ESPN,731232
2025-08-31,265,Primera División Chile,Primera División Chile,Deportes Iquique,Deportes Limache,2,1,espn_runtime_history,RESULTS_ONLY_ESPN,ESPN,731236
2025-08-31,265,Primera División Chile,Primera División Chile,Ñublense,Unión Española,1,2,espn_runtime_history,RESULTS_ONLY_ESPN,ESPN,731239
2025-09-07,265,Primera División Chile,Primera División Chile,Cobresal,Palestino,2,1,espn_runtime_history,RESULTS_ONLY_ESPN,ESPN,731185
2025-09-12,265,Primera División Chile,Primera División Chile,Coquimbo Unido,Ñublense,2,1,espn_runtime_history,RESULTS_ONLY_ESPN,ESPN,731242
2025-09-12,265,Primera División Chile,Primera División Chile,Unión La Calera,Everton CD,1,0,espn_runtime_history,RESULTS_ONLY_ESPN,ESPN,731247
2025-09-13,265,Primera División Chile,Primera División Chile,Cobresal,Huachipato,3,2,espn_runtime_history,RESULTS_ONLY_ESPN,ESPN,731240
2025-09-13,265,Primera División Chile,Primera División Chile,Deportes Limache,Universidad Católica,0,1,espn_runtime_history,RESULTS_ONLY_ESPN,ESPN,731243
2025-09-13,265,Primera División Chile,Primera División Chile,Palestino,O'Higgins,1,2,espn_runtime_history,RESULTS_ONLY_ESPN,ESPN,731245
2025-09-13,265,Primera División Chile,Primera División Chile,Unión Española,Audax Italiano,3,4,espn_runtime_history,RESULTS_ONLY_ESPN,ESPN,731246
2025-09-26,265,Primera División Chile,Primera División Chile,Colo Colo,Deportes Iquique,4,0,espn_runtime_history,RESULTS_ONLY_ESPN,ESPN,731241
2025-09-28,265,Primera División Chile,Primera División Chile,La Serena,Universidad de Chile,1,1,espn_runtime_history,RESULTS_ONLY_ESPN,ESPN,731244
2025-10-09,265,Primera División Chile,Primera División Chile,Universidad Católica,Ñublense,1,0,espn_runtime_history,RESULTS_ONLY_ESPN,ESPN,731214
2025-10-12,265,Primera División Chile,Primera División Chile,Unión Española,Huachipato,4,2,espn_runtime_history,RESULTS_ONLY_ESPN,ESPN,731254
2025-10-13,265,Primera División Chile,Primera División Chile,Universidad de Chile,Palestino,2,1,espn_runtime_history,RESULTS_ONLY_ESPN,ESPN,731253
2025-10-17,265,Primera División Chile,Primera División Chile,Audax Italiano,Unión La Calera,4,3,espn_runtime_history,RESULTS_ONLY_ESPN,ESPN,731248
2025-10-17,265,Primera División Chile,Primera División Chile,Deportes Iquique,O'Higgins,2,3,espn_runtime_history,RESULTS_ONLY_ESPN,ESPN,731250
2025-10-18,265,Primera División Chile,Primera División Chile,Deportes Limache,Cobresal,2,0,espn_runtime_history,RESULTS_ONLY_ESPN,ESPN,731251
2025-10-18,265,Primera División Chile,Primera División Chile,La Serena,Ñublense,1,1,espn_runtime_history,RESULTS_ONLY_ESPN,ESPN,731131
2025-10-19,265,Primera División Chile,Primera División Chile,Coquimbo Unido,Colo Colo,1,0,espn_runtime_history,RESULTS_ONLY_ESPN,ESPN,731249
2025-10-19,265,Primera División Chile,Primera División Chile,Everton CD,Universidad Católica,0,3,espn_runtime_history,RESULTS_ONLY_ESPN,ESPN,731252
2025-10-24,265,Primera División Chile,Primera División Chile,Palestino,Everton CD,2,1,espn_runtime_history,RESULTS_ONLY_ESPN,ESPN,731261
2025-10-25,265,Primera División Chile,Primera División Chile,Huachipato,Deportes Iquique,1,1,espn_runtime_history,RESULTS_ONLY_ESPN,ESPN,731258
2025-10-25,265,Primera División Chile,Primera División Chile,La Serena,Audax Italiano,2,1,espn_runtime_history,RESULTS_ONLY_ESPN,ESPN,731259
2025-10-26,265,Primera División Chile,Primera División Chile,Cobresal,Unión Española,1,0,espn_runtime_history,RESULTS_ONLY_ESPN,ESPN,731256
2025-10-26,265,Primera División Chile,Primera División Chile,O'Higgins,Coquimbo Unido,0,1,espn_runtime_history,RESULTS_ONLY_ESPN,ESPN,731260
2025-10-26,265,Primera División Chile,Primera División Chile,Universidad Católica,Universidad de Chile,1,0,espn_runtime_history,RESULTS_ONLY_ESPN,ESPN,731262
2025-10-26,265,Primera División Chile,Primera División Chile,Unión La Calera,Ñublense,3,0,espn_runtime_history,RESULTS_ONLY_ESPN,ESPN,731263
2025-10-27,265,Primera División Chile,Primera División Chile,Colo Colo,Deportes Limache,2,2,espn_runtime_history,RESULTS_ONLY_ESPN,ESPN,731257
2025-10-31,265,Primera División Chile,Primera División Chile,Audax Italiano,Cobresal,1,2,espn_runtime_history,RESULTS_ONLY_ESPN,ESPN,731264
2025-10-31,265,Primera División Chile,Primera División Chile,Deportes Iquique,La Serena,1,2,espn_runtime_history,RESULTS_ONLY_ESPN,ESPN,731266
2025-11-01,265,Primera División Chile,Primera División Chile,Ñublense,Colo Colo,0,1,espn_runtime_history,RESULTS_ONLY_ESPN,ESPN,731271
2025-11-02,265,Primera División Chile,Primera División Chile,Coquimbo Unido,Unión La Calera,2,0,espn_runtime_history,RESULTS_ONLY_ESPN,ESPN,731265
2025-11-02,265,Primera División Chile,Primera División Chile,Everton CD,Unión Española,0,0,espn_runtime_history,RESULTS_ONLY_ESPN,ESPN,731268
2025-11-02,265,Primera División Chile,Primera División Chile,Huachipato,Universidad de Chile,1,0,espn_runtime_history,RESULTS_ONLY_ESPN,ESPN,731144
2025-11-02,265,Primera División Chile,Primera División Chile,Universidad Católica,O'Higgins,0,2,espn_runtime_history,RESULTS_ONLY_ESPN,ESPN,731269
2025-11-03,265,Primera División Chile,Primera División Chile,Palestino,Deportes Limache,2,1,espn_runtime_history,RESULTS_ONLY_ESPN,ESPN,731145
2025-11-05,265,Primera División Chile,Primera División Chile,Universidad de Chile,Everton CD,2,0,espn_runtime_history,RESULTS_ONLY_ESPN,ESPN,731231
2025-11-07,265,Primera División Chile,Primera División Chile,Unión La Calera,Deportes Iquique,1,2,espn_runtime_history,RESULTS_ONLY_ESPN,ESPN,731279
2025-11-08,265,Primera División Chile,Primera División Chile,La Serena,Universidad Católica,0,1,espn_runtime_history,RESULTS_ONLY_ESPN,ESPN,731274
2025-11-08,265,Primera División Chile,Primera División Chile,O'Higgins,Ñublense,4,2,espn_runtime_history,RESULTS_ONLY_ESPN,ESPN,731275
2025-11-08,265,Primera División Chile,Primera División Chile,Palestino,Coquimbo Unido,1,2,espn_runtime_history,RESULTS_ONLY_ESPN,ESPN,731276
2025-11-08,265,Primera División Chile,Primera División Chile,Unión Española,Colo Colo,1,2,espn_runtime_history,RESULTS_ONLY_ESPN,ESPN,731278
2025-11-09,265,Primera División Chile,Primera División Chile,Cobresal,Everton CD,1,2,espn_runtime_history,RESULTS_ONLY_ESPN,ESPN,731272
2025-11-09,265,Primera División Chile,Primera División Chile,Huachipato,Audax Italiano,2,1,espn_runtime_history,RESULTS_ONLY_ESPN,ESPN,731273
2025-11-09,265,Primera División Chile,Primera División Chile,Universidad de Chile,Deportes Limache,4,3,espn_runtime_history,RESULTS_ONLY_ESPN,ESPN,731277
2025-11-21,265,Primera División Chile,Primera División Chile,Audax Italiano,Everton CD,2,0,espn_runtime_history,RESULTS_ONLY_ESPN,ESPN,731280
2025-11-21,265,Primera División Chile,Primera División Chile,Deportes Iquique,Cobresal,2,1,espn_runtime_history,RESULTS_ONLY_ESPN,ESPN,731283
2025-11-21,265,Primera División Chile,Primera División Chile,Deportes Limache,Unión Española,1,0,espn_runtime_history,RESULTS_ONLY_ESPN,ESPN,731284
2025-11-22,265,Primera División Chile,Primera División Chile,Coquimbo Unido,La Serena,2,1,espn_runtime_history,RESULTS_ONLY_ESPN,ESPN,731282
2025-11-22,265,Primera División Chile,Primera División Chile,Universidad Católica,Palestino,2,1,espn_runtime_history,RESULTS_ONLY_ESPN,ESPN,731286
2025-11-23,265,Primera División Chile,Primera División Chile,Colo Colo,Unión La Calera,4,1,espn_runtime_history,RESULTS_ONLY_ESPN,ESPN,731281
2025-11-23,265,Primera División Chile,Primera División Chile,O'Higgins,Universidad de Chile,0,1,espn_runtime_history,RESULTS_ONLY_ESPN,ESPN,731285
2025-11-24,265,Primera División Chile,Primera División Chile,Ñublense,Huachipato,0,1,espn_runtime_history,RESULTS_ONLY_ESPN,ESPN,731287
2025-11-28,265,Primera División Chile,Primera División Chile,Cobresal,Colo Colo,3,0,espn_runtime_history,RESULTS_ONLY_ESPN,ESPN,731289
2025-11-29,265,Primera División Chile,Primera División Chile,Huachipato,Universidad Católica,0,0,espn_runtime_history,RESULTS_ONLY_ESPN,ESPN,731291
2025-11-29,265,Primera División Chile,Primera División Chile,La Serena,Palestino,0,3,espn_runtime_history,RESULTS_ONLY_ESPN,ESPN,731292
2025-11-30,265,Primera División Chile,Primera División Chile,Everton CD,Deportes Iquique,0,1,espn_runtime_history,RESULTS_ONLY_ESPN,ESPN,731290
2025-11-30,265,Primera División Chile,Primera División Chile,Unión Española,O'Higgins,2,4,espn_runtime_history,RESULTS_ONLY_ESPN,ESPN,731294
2025-11-30,265,Primera División Chile,Primera División Chile,Unión La Calera,Deportes Limache,0,1,espn_runtime_history,RESULTS_ONLY_ESPN,ESPN,731295
2025-12-01,265,Primera División Chile,Primera División Chile,Audax Italiano,Ñublense,1,0,espn_runtime_history,RESULTS_ONLY_ESPN,ESPN,731288
2025-12-02,265,Primera División Chile,Primera División Chile,Universidad de Chile,Coquimbo Unido,1,1,espn_runtime_history,RESULTS_ONLY_ESPN,ESPN,731293
2025-12-05,265,Primera División Chile,Primera División Chile,Palestino,Huachipato,2,2,espn_runtime_history,RESULTS_ONLY_ESPN,ESPN,731301
2025-12-06,265,Primera División Chile,Primera División Chile,Coquimbo Unido,Unión Española,4,2,espn_runtime_history,RESULTS_ONLY_ESPN,ESPN,731297
2025-12-06,265,Primera División Chile,Primera División Chile,Deportes Iquique,Universidad de Chile,2,3,espn_runtime_history,RESULTS_ONLY_ESPN,ESPN,731298
2025-12-06,265,Primera División Chile,Primera División Chile,Deportes Limache,La Serena,1,0,espn_runtime_history,RESULTS_ONLY_ESPN,ESPN,731299
2025-12-06,265,Primera División Chile,Primera División Chile,O'Higgins,Everton CD,1,0,espn_runtime_history,RESULTS_ONLY_ESPN,ESPN,731300
2025-12-06,265,Primera División Chile,Primera División Chile,Universidad Católica,Unión La Calera,2,1,espn_runtime_history,RESULTS_ONLY_ESPN,ESPN,731302
2025-12-07,265,Primera División Chile,Primera División Chile,Colo Colo,Audax Italiano,1,2,espn_runtime_history,RESULTS_ONLY_ESPN,ESPN,731296
2025-12-07,265,Primera División Chile,Primera División Chile,Ñublense,Cobresal,5,0,espn_runtime_history,RESULTS_ONLY_ESPN,ESPN,731303
2026-01-30,265,Primera División Chile,Primera División Chile,Universidad de Chile,Audax Italiano,0,0,espn_runtime_history,RESULTS_ONLY_ESPN,ESPN,401850409
2026-01-31,265,Primera División Chile,Primera División Chile,Cobresal,Huachipato,1,0,espn_runtime_history,RESULTS_ONLY_ESPN,ESPN,401850422
2026-01-31,265,Primera División Chile,Primera División Chile,Deportes Limache,Colo Colo,3,1,espn_runtime_history,RESULTS_ONLY_ESPN,ESPN,401850418
2026-01-31,265,Primera División Chile,Primera División Chile,Universidad de Concepción,Coquimbo Unido,1,0,espn_runtime_history,RESULTS_ONLY_ESPN,ESPN,401850424
2026-02-01,265,Primera División Chile,Primera División Chile,La Serena,Universidad Católica,2,2,espn_runtime_history,RESULTS_ONLY_ESPN,ESPN,401850413
2026-02-01,265,Primera División Chile,Primera División Chile,Palestino,Ñublense,1,1,espn_runtime_history,RESULTS_ONLY_ESPN,ESPN,401850411
2026-02-02,265,Primera División Chile,Primera División Chile,Everton CD,Unión La Calera,3,0,espn_runtime_history,RESULTS_ONLY_ESPN,ESPN,401850416
2026-02-02,265,Primera División Chile,Primera División Chile,O'Higgins,Deportes Concepcion,2,1,espn_runtime_history,RESULTS_ONLY_ESPN,ESPN,401850600
2026-02-06,265,Primera División Chile,Primera División Chile,Audax Italiano,Universidad de Concepción,3,0,espn_runtime_history,RESULTS_ONLY_ESPN,ESPN,401850439
2026-02-07,265,Primera División Chile,Primera División Chile,Colo Colo,Everton CD,2,0,espn_runtime_history,RESULTS_ONLY_ESPN,ESPN,401850437
2026-02-07,265,Primera División Chile,Primera División Chile,Coquimbo Unido,Palestino,3,1,espn_runtime_history,RESULTS_ONLY_ESPN,ESPN,401850434
2026-02-07,265,Primera División Chile,Primera División Chile,O'Higgins,La Serena,1,0,espn_runtime_history,RESULTS_ONLY_ESPN,ESPN,401850430
2026-02-08,265,Primera División Chile,Primera División Chile,Huachipato,Universidad de Chile,2,1,espn_runtime_history,RESULTS_ONLY_ESPN,ESPN,401850432
2026-02-08,265,Primera División Chile,Primera División Chile,Universidad Católica,Deportes Concepcion,2,0,espn_runtime_history,RESULTS_ONLY_ESPN,ESPN,401850428
2026-02-08,265,Primera División Chile,Primera División Chile,Ñublense,Deportes Limache,1,1,espn_runtime_history,RESULTS_ONLY_ESPN,ESPN,401850441
2026-02-09,265,Primera División Chile,Primera División Chile,Unión La Calera,Cobresal,0,3,espn_runtime_history,RESULTS_ONLY_ESPN,ESPN,401850426
2026-02-13,265,Primera División Chile,Primera División Chile,Everton CD,Huachipato,0,3,espn_runtime_history,RESULTS_ONLY_ESPN,ESPN,401850457
2026-02-13,265,Primera División Chile,Primera División Chile,Palestino,Universidad de Chile,0,0,espn_runtime_history,RESULTS_ONLY_ESPN,ESPN,401850452
2026-02-14,265,Primera División Chile,Primera División Chile,Cobresal,Universidad Católica,3,2,espn_runtime_history,RESULTS_ONLY_ESPN,ESPN,401850443
2026-02-14,265,Primera División Chile,Primera División Chile,Deportes Limache,O'Higgins,2,1,espn_runtime_history,RESULTS_ONLY_ESPN,ESPN,401850459
2026-02-14,265,Primera División Chile,Primera División Chile,La Serena,Coquimbo Unido,0,1,espn_runtime_history,RESULTS_ONLY_ESPN,ESPN,401850455
2026-02-15,265,Primera División Chile,Primera División Chile,Colo Colo,Unión La Calera,1,0,espn_runtime_history,RESULTS_ONLY_ESPN,ESPN,401850445
2026-02-15,265,Primera División Chile,Primera División Chile,Universidad de Concepción,Deportes Concepcion,2,1,espn_runtime_history,RESULTS_ONLY_ESPN,ESPN,401850450
2026-02-15,265,Primera División Chile,Primera División Chile,Ñublense,Audax Italiano,1,0,espn_runtime_history,RESULTS_ONLY_ESPN,ESPN,401850448
2026-02-20,265,Primera División Chile,Primera División Chile,Deportes Concepcion,Cobresal,1,1,espn_runtime_history,RESULTS_ONLY_ESPN,ESPN,401850473
2026-02-20,265,Primera División Chile,Primera División Chile,Unión La Calera,Ñublense,0,1,espn_runtime_history,RESULTS_ONLY_ESPN,ESPN,401850476
2026-02-21,265,Primera División Chile,Primera División Chile,Huachipato,Palestino,2,1,espn_runtime_history,RESULTS_ONLY_ESPN,ESPN,401850471
2026-02-21,265,Primera División Chile,Primera División Chile,O'Higgins,Colo Colo,0,1,espn_runtime_history,RESULTS_ONLY_ESPN,ESPN,401850467
2026-02-21,265,Primera División Chile,Primera División Chile,Universidad Católica,Coquimbo Unido,3,1,espn_runtime_history,RESULTS_ONLY_ESPN,ESPN,401850465
2026-02-22,265,Primera División Chile,Primera División Chile,Audax Italiano,Everton CD,1,0,espn_runtime_history,RESULTS_ONLY_ESPN,ESPN,401850461
2026-02-22,265,Primera División Chile,Primera División Chile,La Serena,Universidad de Concepción,1,1,espn_runtime_history,RESULTS_ONLY_ESPN,ESPN,401850469
2026-02-22,265,Primera División Chile,Primera División Chile,Universidad de Chile,Deportes Limache,2,2,espn_runtime_history,RESULTS_ONLY_ESPN,ESPN,401850463
2026-02-27,265,Primera División Chile,Primera División Chile,Cobresal,La Serena,0,1,espn_runtime_history,RESULTS_ONLY_ESPN,ESPN,401850482
2026-02-27,265,Primera División Chile,Primera División Chile,Unión La Calera,Audax Italiano,3,0,espn_runtime_history,RESULTS_ONLY_ESPN,ESPN,401850490
2026-02-28,265,Primera División Chile,Primera División Chile,Coquimbo Unido,Deportes Concepcion,0,1,espn_runtime_history,RESULTS_ONLY_ESPN,ESPN,401850477
2026-02-28,265,Primera División Chile,Primera División Chile,Deportes Limache,Huachipato,3,0,espn_runtime_history,RESULTS_ONLY_ESPN,ESPN,401850484
2026-02-28,265,Primera División Chile,Primera División Chile,Palestino,O'Higgins,4,2,espn_runtime_history,RESULTS_ONLY_ESPN,ESPN,401850486
2026-03-01,265,Primera División Chile,Primera División Chile,Colo Colo,Universidad de Chile,0,1,espn_runtime_history,RESULTS_ONLY_ESPN,ESPN,401850480
2026-03-01,265,Primera División Chile,Primera División Chile,Universidad de Concepción,Everton CD,0,3,espn_runtime_history,RESULTS_ONLY_ESPN,ESPN,401850488
2026-03-01,265,Primera División Chile,Primera División Chile,Ñublense,Universidad Católica,1,2,espn_runtime_history,RESULTS_ONLY_ESPN,ESPN,401850492
2026-03-06,265,Primera División Chile,Primera División Chile,Deportes Concepcion,Ñublense,0,2,espn_runtime_history,RESULTS_ONLY_ESPN,ESPN,401850496
2026-03-06,265,Primera División Chile,Primera División Chile,La Serena,Unión La Calera,3,0,espn_runtime_history,RESULTS_ONLY_ESPN,ESPN,401850510
2026-03-07,265,Primera División Chile,Primera División Chile,Audax Italiano,Colo Colo,0,1,espn_runtime_history,RESULTS_ONLY_ESPN,ESPN,401850499
2026-03-07,265,Primera División Chile,Primera División Chile,Everton CD,Deportes Limache,1,0,espn_runtime_history,RESULTS_ONLY_ESPN,ESPN,401850495
2026-03-07,265,Primera División Chile,Primera División Chile,Huachipato,Coquimbo Unido,1,3,espn_runtime_history,RESULTS_ONLY_ESPN,ESPN,401850501
2026-03-07,265,Primera División Chile,Primera División Chile,O'Higgins,Universidad Católica,1,0,espn_runtime_history,RESULTS_ONLY_ESPN,ESPN,401850508
2026-03-08,265,Primera División Chile,Primera División Chile,Palestino,Cobresal,4,2,espn_runtime_history,RESULTS_ONLY_ESPN,ESPN,401850505
2026-03-09,265,Primera División Chile,Primera División Chile,Universidad de Chile,Universidad de Concepción,1,1,espn_runtime_history,RESULTS_ONLY_ESPN,ESPN,401850503
2026-03-13,265,Primera División Chile,Primera División Chile,Audax Italiano,Deportes Concepcion,3,0,espn_runtime_history,RESULTS_ONLY_ESPN,ESPN,401850512
2026-03-14,265,Primera División Chile,Primera División Chile,Coquimbo Unido,Universidad de Chile,0,1,espn_runtime_history,RESULTS_ONLY_ESPN,ESPN,401850525
2026-03-14,265,Primera División Chile,Primera División Chile,Universidad Católica,Everton CD,2,2,espn_runtime_history,RESULTS_ONLY_ESPN,ESPN,401850523
2026-03-15,265,Primera División Chile,Primera División Chile,Cobresal,Deportes Limache,2,5,espn_runtime_history,RESULTS_ONLY_ESPN,ESPN,401850514
2026-03-15,265,Primera División Chile,Primera División Chile,Universidad de Concepción,Palestino,1,0,espn_runtime_history,RESULTS_ONLY_ESPN,ESPN,401850521
2026-03-15,265,Primera División Chile,Primera División Chile,Ñublense,La Serena,2,2,espn_runtime_history,RESULTS_ONLY_ESPN,ESPN,401850527
2026-03-16,265,Primera División Chile,Primera División Chile,Colo Colo,Huachipato,2,0,espn_runtime_history,RESULTS_ONLY_ESPN,ESPN,401850516
2026-03-16,265,Primera División Chile,Primera División Chile,Unión La Calera,O'Higgins,3,3,espn_runtime_history,RESULTS_ONLY_ESPN,ESPN,401850518
2026-04-02,265,Primera División Chile,Primera División Chile,Universidad Católica,Palestino,6,1,espn_runtime_history,RESULTS_ONLY_ESPN,ESPN,401850529
2026-04-03,265,Primera División Chile,Primera División Chile,Coquimbo Unido,Cobresal,3,2,espn_runtime_history,RESULTS_ONLY_ESPN,ESPN,401850538
2026-04-03,265,Primera División Chile,Primera División Chile,O'Higgins,Audax Italiano,2,1,espn_runtime_history,RESULTS_ONLY_ESPN,ESPN,401850531
2026-04-04,265,Primera División Chile,Primera División Chile,Deportes Limache,Unión La Calera,4,0,espn_runtime_history,RESULTS_ONLY_ESPN,ESPN,401850536
2026-04-04,265,Primera División Chile,Primera División Chile,Everton CD,Ñublense,0,0,espn_runtime_history,RESULTS_ONLY_ESPN,ESPN,401850535
2026-04-05,265,Primera División Chile,Primera División Chile,Deportes Concepcion,Colo Colo,0,1,espn_runtime_history,RESULTS_ONLY_ESPN,ESPN,401850537
2026-04-05,265,Primera División Chile,Primera División Chile,Universidad de Chile,La Serena,4,0,espn_runtime_history,RESULTS_ONLY_ESPN,ESPN,401850539
2026-04-07,265,Primera División Chile,Primera División Chile,Huachipato,Universidad de Concepción,5,1,espn_runtime_history,RESULTS_ONLY_ESPN,ESPN,401850533
2026-04-11,265,Primera División Chile,Primera División Chile,Audax Italiano,Universidad Católica,3,4,espn_runtime_history,RESULTS_ONLY_ESPN,ESPN,401850546
2026-04-11,265,Primera División Chile,Primera División Chile,La Serena,Everton CD,1,0,espn_runtime_history,RESULTS_ONLY_ESPN,ESPN,401850544
2026-04-11,265,Primera División Chile,Primera División Chile,O'Higgins,Huachipato,0,2,espn_runtime_history,RESULTS_ONLY_ESPN,ESPN,401850543
2026-04-12,265,Primera División Chile,Primera División Chile,Palestino,Deportes Limache,1,0,espn_runtime_history,RESULTS_ONLY_ESPN,ESPN,401850542
2026-04-12,265,Primera División Chile,Primera División Chile,Ñublense,Universidad de Chile,1,0,espn_runtime_history,RESULTS_ONLY_ESPN,ESPN,401850547
2026-04-13,265,Primera División Chile,Primera División Chile,Universidad de Concepción,Cobresal,1,0,espn_runtime_history,RESULTS_ONLY_ESPN,ESPN,401850541
2026-04-14,265,Primera División Chile,Primera División Chile,Unión La Calera,Deportes Concepcion,1,0,espn_runtime_history,RESULTS_ONLY_ESPN,ESPN,401850540
2026-04-18,265,Primera División Chile,Primera División Chile,Deportes Limache,Universidad de Concepción,3,0,espn_runtime_history,RESULTS_ONLY_ESPN,ESPN,401850553
2026-04-18,265,Primera División Chile,Primera División Chile,Everton CD,Universidad de Chile,0,0,espn_runtime_history,RESULTS_ONLY_ESPN,ESPN,401850552
2026-04-19,265,Primera División Chile,Primera División Chile,Cobresal,O'Higgins,2,3,espn_runtime_history,RESULTS_ONLY_ESPN,ESPN,401850548
2026-04-19,265,Primera División Chile,Primera División Chile,Colo Colo,Palestino,0,1,espn_runtime_history,RESULTS_ONLY_ESPN,ESPN,401850549
2026-04-19,265,Primera División Chile,Primera División Chile,Coquimbo Unido,Ñublense,1,1,espn_runtime_history,RESULTS_ONLY_ESPN,ESPN,401850555
2026-04-19,265,Primera División Chile,Primera División Chile,Deportes Concepcion,La Serena,3,3,espn_runtime_history,RESULTS_ONLY_ESPN,ESPN,401850554
2026-04-20,265,Primera División Chile,Primera División Chile,Huachipato,Audax Italiano,3,2,espn_runtime_history,RESULTS_ONLY_ESPN,ESPN,401850551
2026-04-21,265,Primera División Chile,Primera División Chile,Universidad Católica,Unión La Calera,1,2,espn_runtime_history,RESULTS_ONLY_ESPN,ESPN,401850550
2026-04-24,265,Primera División Chile,Primera División Chile,Palestino,Deportes Concepcion,0,1,espn_runtime_history,RESULTS_ONLY_ESPN,ESPN,401850560
2026-04-24,265,Primera División Chile,Primera División Chile,Unión La Calera,Coquimbo Unido,1,2,espn_runtime_history,RESULTS_ONLY_ESPN,ESPN,401850557
2026-04-25,265,Primera División Chile,Primera División Chile,Audax Italiano,Deportes Limache,2,2,espn_runtime_history,RESULTS_ONLY_ESPN,ESPN,401850556
2026-04-25,265,Primera División Chile,Primera División Chile,Universidad de Chile,Universidad Católica,1,0,espn_runtime_history,RESULTS_ONLY_ESPN,ESPN,401850559
2026-04-25,265,Primera División Chile,Primera División Chile,Ñublense,O'Higgins,0,2,espn_runtime_history,RESULTS_ONLY_ESPN,ESPN,401850563
2026-04-26,265,Primera División Chile,Primera División Chile,Everton CD,Cobresal,3,1,espn_runtime_history,RESULTS_ONLY_ESPN,ESPN,401850562
2026-04-26,265,Primera División Chile,Primera División Chile,La Serena,Huachipato,0,0,espn_runtime_history,RESULTS_ONLY_ESPN,ESPN,401850561
2026-04-26,265,Primera División Chile,Primera División Chile,Universidad de Concepción,Colo Colo,1,2,espn_runtime_history,RESULTS_ONLY_ESPN,ESPN,401850558
2026-05-03,265,Primera División Chile,Primera División Chile,Colo Colo,Coquimbo Unido,3,1,espn_runtime_history,RESULTS_ONLY_ESPN,ESPN,401850545
2026-05-16,265,Primera División Chile,Primera División Chile,Coquimbo Unido,Audax Italiano,3,0,espn_runtime_history,RESULTS_ONLY_ESPN,ESPN,401850564
2026-05-16,265,Primera División Chile,Primera División Chile,O'Higgins,Universidad de Concepción,0,1,espn_runtime_history,RESULTS_ONLY_ESPN,ESPN,401850570
2026-05-16,265,Primera División Chile,Primera División Chile,Palestino,La Serena,5,1,espn_runtime_history,RESULTS_ONLY_ESPN,ESPN,401850571
2026-05-17,265,Primera División Chile,Primera División Chile,Cobresal,Universidad de Chile,1,0,espn_runtime_history,RESULTS_ONLY_ESPN,ESPN,401850566
2026-05-17,265,Primera División Chile,Primera División Chile,Colo Colo,Ñublense,6,2,espn_runtime_history,RESULTS_ONLY_ESPN,ESPN,401850565
2026-05-17,265,Primera División Chile,Primera División Chile,Deportes Limache,Universidad Católica,0,2,espn_runtime_history,RESULTS_ONLY_ESPN,ESPN,401850568
2026-05-17,265,Primera División Chile,Primera División Chile,Huachipato,Unión La Calera,3,1,espn_runtime_history,RESULTS_ONLY_ESPN,ESPN,401850569
2026-05-18,265,Primera División Chile,Primera División Chile,Deportes Concepcion,Everton CD,0,2,espn_runtime_history,RESULTS_ONLY_ESPN,ESPN,401850567
2026-05-22,265,Primera División Chile,Primera División Chile,Everton CD,Coquimbo Unido,1,1,espn_runtime_history,RESULTS_ONLY_ESPN,ESPN,401850572
2026-05-23,265,Primera División Chile,Primera División Chile,Audax Italiano,Cobresal,2,1,espn_runtime_history,RESULTS_ONLY_ESPN,ESPN,401850574
2026-05-23,265,Primera División Chile,Primera División Chile,Ñublense,Universidad de Concepción,2,2,espn_runtime_history,RESULTS_ONLY_ESPN,ESPN,401850576
2026-05-24,265,Primera División Chile,Primera División Chile,Deportes Concepcion,Huachipato,2,0,espn_runtime_history,RESULTS_ONLY_ESPN,ESPN,401850573
2026-05-24,265,Primera División Chile,Primera División Chile,La Serena,Deportes Limache,4,1,espn_runtime_history,RESULTS_ONLY_ESPN,ESPN,401850575
2026-05-24,265,Primera División Chile,Primera División Chile,Universidad Católica,Colo Colo,1,2,espn_runtime_history,RESULTS_ONLY_ESPN,ESPN,401850579
2026-05-24,265,Primera División Chile,Primera División Chile,Unión La Calera,Palestino,1,2,espn_runtime_history,RESULTS_ONLY_ESPN,ESPN,401850577
2026-05-29,265,Primera División Chile,Primera División Chile,Cobresal,Ñublense,0,1,espn_runtime_history,RESULTS_ONLY_ESPN,ESPN,401850580
2026-05-30,265,Primera División Chile,Primera División Chile,La Serena,Colo Colo,2,4,espn_runtime_history,RESULTS_ONLY_ESPN,ESPN,401850586
2026-05-30,265,Primera División Chile,Primera División Chile,Universidad de Chile,Deportes Concepcion,2,1,espn_runtime_history,RESULTS_ONLY_ESPN,ESPN,401850583
2026-05-30,265,Primera División Chile,Primera División Chile,Universidad de Concepción,Unión La Calera,0,0,espn_runtime_history,RESULTS_ONLY_ESPN,ESPN,401850587
2026-05-31,265,Primera División Chile,Primera División Chile,Deportes Limache,Coquimbo Unido,2,3,espn_runtime_history,RESULTS_ONLY_ESPN,ESPN,401850581
2026-05-31,265,Primera División Chile,Primera División Chile,Huachipato,Universidad Católica,0,3,espn_runtime_history,RESULTS_ONLY_ESPN,ESPN,401850582
2026-05-31,265,Primera División Chile,Primera División Chile,O'Higgins,Everton CD,2,3,espn_runtime_history,RESULTS_ONLY_ESPN,ESPN,401850585
